uid,filename,class_folder,label,sha256,bytes,width,height,mode,format
Yes/2024-02-04 13.48.14.jpeg,2024-02-04 13.48.14.jpeg,Yes,1,66def3fb1fa47e37cedf1114cb3bcffbe2e59bfa7186c14801bf34273f835a7d,129164,614,716,RGB,JPEG
Yes/2024-02-04 13.49.32.jpeg,2024-02-04 13.49.32.jpeg,Yes,1,03300cd4cbf9d1402f68f19f6f74b3205ff799ea7c30a7a58fbe92b40eb6b703,34198,296,426,RGB,JPEG
Yes/2024-02-04 13.50.03.jpeg,2024-02-04 13.50.03.jpeg,Yes,1,0bd96925f9717c9dc7c2aa985bbf4a895e4f22df018cf427579775458abd6df5,67440,507,709,RGB,JPEG
Yes/2024-02-04 13.50.29.jpeg,2024-02-04 13.50.29.jpeg,Yes,1,ff95ff3a281488a8a61dc8dff594b0ab22d0f596327236806aa874c25133c096,70665,522,659,RGB,JPEG
Yes/2024-02-04 13.50.55.jpeg,2024-02-04 13.50.55.jpeg,Yes,1,00dfff88dbefc9a114117eac19482ba2e5d561132180e8b47bc3503b793f8f80,78407,641,697,RGB,JPEG
Yes/2024-02-04 13.51.15.jpeg,2024-02-04 13.51.15.jpeg,Yes,1,694abf711d9c745b12b6ce28f2a6287584ff1700f68ee6f2d12a51308a50eb5b,123720,879,793,RGB,JPEG
Yes/2024-02-04 13.51.35.jpeg,2024-02-04 13.51.35.jpeg,Yes,1,251252df38c3b11e6583e6eedd46cb21e57256b131aa5dfeab11356d9f692500,108673,844,724,RGB,JPEG
Yes/2024-02-04 13.51.54.jpeg,2024-02-04 13.51.54.jpeg,Yes,1,e14fb9859c3994296d329a26cbf12e5081a4c700eeb04081991dea93c51dca81,105086,587,977,RGB,JPEG
Yes/2024-02-04 13.52.13.jpeg,2024-02-04 13.52.13.jpeg,Yes,1,a8793ad4223291c20dd2037160eac2dcb61d7e4a71d1fc7513353e24e1216642,79452,629,674,RGB,JPEG
Yes/2024-02-04 13.52.34.jpeg,2024-02-04 13.52.34.jpeg,Yes,1,fe3a54db97960d2489b3240dff59d87945ed0652e6073ec122fcc19eede933e7,76604,518,793,RGB,JPEG
Yes/2024-02-04 13.52.51.jpeg,2024-02-04 13.52.51.jpeg,Yes,1,6a922c1fdff52cb7f647e033b96c33be24065e5c38ffc3865d23ed9139a5d7ed,85392,491,973,RGB,JPEG
Yes/2024-02-04 13.53.10.jpeg,2024-02-04 13.53.10.jpeg,Yes,1,032907fea304ab90a259b2d94dbf251370ae8c87ecc448087415eaf21d7570d3,78698,491,724,RGB,JPEG
Yes/2024-02-04 13.53.38.jpeg,2024-02-04 13.53.38.jpeg,Yes,1,efbd4c11c85177ac478cc26e66c7bab1559c95089ffd1c5ca5f4d38e345b7315,69256,583,597,RGB,JPEG
Yes/2024-02-04 13.53.54.jpeg,2024-02-04 13.53.54.jpeg,Yes,1,edb8b1091e12e5d362b66b0c0ce70c1a7a9b539634032520daf35d52923beb94,66376,491,697,RGB,JPEG
Yes/2024-02-04 13.54.11.jpeg,2024-02-04 13.54.11.jpeg,Yes,1,ea3a5072303ade23940c2f81a5f2ec8871a63dd7f966f262a65aaf1fb7d32b79,41990,408,533,RGB,JPEG
Yes/2024-02-04 13.54.32.jpeg,2024-02-04 13.54.32.jpeg,Yes,1,36efe9f206fdffc21f5feeb55e73d4a8b22637754da10d5919bc8682782cba4f,76577,588,713,RGB,JPEG
Yes/2024-02-04 13.54.50.jpeg,2024-02-04 13.54.50.jpeg,Yes,1,a9fe7ab567404aa63fa97d33db8d63373be65d6b6825506df20e50838da66a38,61678,493,616,RGB,JPEG
Yes/2024-02-04 13.55.18.jpeg,2024-02-04 13.55.18.jpeg,Yes,1,74d2ef5f4923e00092cc2e1e693923e44109bc73b766873914c1e83e12c2af64,44253,398,449,RGB,JPEG
Yes/2024-02-04 13.55.48.jpeg,2024-02-04 13.55.48.jpeg,Yes,1,4478608201c9a7f9e06b48c26c700af1e050ffca62eaf95b708c27510530ae52,85470,706,639,RGB,JPEG
Yes/2024-02-04 13.56.06.jpeg,2024-02-04 13.56.06.jpeg,Yes,1,009703ea12ee25d296b80d8106f8d9c81da3a507933d3abf2228ad93cb8f5b94,80774,591,686,RGB,JPEG
Yes/2024-02-04 13.56.25.jpeg,2024-02-04 13.56.25.jpeg,Yes,1,7d3496cdeb798cbfb69f4e812ab898f47f9d88813e5b3027a957e262d4da073b,52836,491,578,RGB,JPEG
Yes/2024-02-04 13.56.44.jpeg,2024-02-04 13.56.44.jpeg,Yes,1,25c8dd86208c25e5d07642effb78a0692692a80578023b2f1f7cfe8ff7944395,68252,491,686,RGB,JPEG
Yes/2024-02-04 13.57.02.jpeg,2024-02-04 13.57.02.jpeg,Yes,1,30c1099ee3f47c7a4f2b97a5de5396ba4aa1b4842b9bb0ba383d08543205793b,47527,336,548,RGB,JPEG
Yes/2024-02-04 13.57.29.jpeg,2024-02-04 13.57.29.jpeg,Yes,1,74d8231c9897c3177c97d0ba56530308e98f07021f80f64e52c94c114f19913a,48249,329,544,RGB,JPEG
Yes/2024-02-04 13.57.57.jpeg,2024-02-04 13.57.57.jpeg,Yes,1,c050cdb28d8badb6011ab2ac26eaed28e6b4d067219b354b8f2875f66afa45f2,96256,491,870,RGB,JPEG
Yes/2024-02-04 13.58.21.jpeg,2024-02-04 13.58.21.jpeg,Yes,1,8ba7afe4cb9bfc13b47bb4a9d4ec3d061b21ee736abcaff8b8a8373863e131a7,102451,491,916,RGB,JPEG
Yes/2024-02-04 13.58.44.jpeg,2024-02-04 13.58.44.jpeg,Yes,1,ef4785f93eb0f4648ea0719ea1c03d4a98a14fd1afa46b61074323b3c8a2e5a6,76318,568,601,RGB,JPEG
Yes/2024-02-04 13.59.06.jpeg,2024-02-04 13.59.06.jpeg,Yes,1,d1604050f3f7566adf67dd4d65b43ac3040c10508339da8a0b73a9f9c160cffa,87527,491,751,RGB,JPEG
Yes/2024-02-04 13.59.26.jpeg,2024-02-04 13.59.26.jpeg,Yes,1,9f8dafdc30323e2b4e111e3792c7c75d327e915cb31564d7c2301094b32fd57b,75985,503,778,RGB,JPEG
Yes/2024-02-04 13.59.51.jpeg,2024-02-04 13.59.51.jpeg,Yes,1,0bdd0ccd757eac70b261ac266ce6688aa0536da9faccf7a115d91348da2edea0,116232,791,851,RGB,JPEG
Yes/2024-02-04 14.00.36.jpeg,2024-02-04 14.00.36.jpeg,Yes,1,749afe9bcb34d4f30ba2e1420d220149b4fdb9f479fb1e1f5340ae37b614092e,101397,587,689,RGB,JPEG
Yes/2024-02-04 14.00.59.jpeg,2024-02-04 14.00.59.jpeg,Yes,1,7576e15efdde242b89fd19ff7a425eb1bc4735f077f59ab610a7f5127b9f2cb0,128895,549,876,RGB,JPEG
Yes/2024-02-04 14.01.22.jpeg,2024-02-04 14.01.22.jpeg,Yes,1,cf568146d8c26fcf85c738beb856f222e10367bc8721adb37848ec422de92e85,86316,537,739,RGB,JPEG
Yes/2024-02-04 14.01.40.jpeg,2024-02-04 14.01.40.jpeg,Yes,1,1c8d172e8fbe7346194c765ed33d723b288037f3fd8e7bd040adf92c1140c4a2,66984,529,578,RGB,JPEG
Yes/2024-02-04 14.01.56.jpeg,2024-02-04 14.01.56.jpeg,Yes,1,be0d668bafc429d834e68a36a7ef7e73990dfce4a190f5367aaafce7e526703c,68252,491,643,RGB,JPEG
Yes/2024-02-04 14.02.12.jpeg,2024-02-04 14.02.12.jpeg,Yes,1,0efd23a46ea49d7ca2509a3dcf0dd2084b35eaa3483a8247c5bf13d0c1f3b9a5,102071,491,774,RGB,JPEG
Yes/2024-02-04 14.02.34.jpeg,2024-02-04 14.02.34.jpeg,Yes,1,a6d7ca17109facad18c4c5cd05b670d04add650ca217fa4d77af92c0234a0978,166165,1159,705,RGB,JPEG
Yes/2024-02-04 14.20.42.jpeg,2024-02-04 14.20.42.jpeg,Yes,1,ad8404d27b034439d140ca7b1ec569e4f4265d35498bac4498b781087e8d66c3,100629,729,662,RGB,JPEG
Yes/2024-02-04 14.20.59.jpeg,2024-02-04 14.20.59.jpeg,Yes,1,e0d24b572004b4c0a179225a6b80595e1468cb5f1604c4f002fb2868d7db959c,51705,568,491,RGB,JPEG
Yes/2024-02-04 14.21.14.jpeg,2024-02-04 14.21.14.jpeg,Yes,1,12c0457edc32412e42a3f1405c43fb9580bb84eaceb2602a498d8e6f10bfba0b,69330,668,544,RGB,JPEG
Yes/2024-02-04 14.21.30.jpeg,2024-02-04 14.21.30.jpeg,Yes,1,5a6233b4e73feaed98c916b3e968658dbe5536417d7b6a94593c87e6a7314b12,73008,725,540,RGB,JPEG
Yes/2024-02-04 14.21.50.jpeg,2024-02-04 14.21.50.jpeg,Yes,1,e00a3e292aef0023da274709d3c7ed28ff1fab392eff8b3dee07b2c50168235c,64043,656,574,RGB,JPEG
Yes/2024-02-04 14.22.10.jpeg,2024-02-04 14.22.10.jpeg,Yes,1,a14a2c59aa02d896ae7f47b494ed2618b8a1fd0fe0580c32d7ea9a7caa0e9979,130644,902,647,RGB,JPEG
Yes/2024-02-04 14.22.31.jpeg,2024-02-04 14.22.31.jpeg,Yes,1,5596ea32658ef4edd1b6e3febc296177243de66779dacce14b98b52f98e8376e,120250,963,501,RGB,JPEG
Yes/2024-02-04 14.22.54.jpeg,2024-02-04 14.22.54.jpeg,Yes,1,0cb76c41803cb027abe547155039632a4b0485847673ebddae4ffe3281940b77,78011,756,491,RGB,JPEG
Yes/2024-02-04 14.23.20.jpeg,2024-02-04 14.23.20.jpeg,Yes,1,28539f0adfdfb50589cddc77b5769b7315b047cea6dda37e75675875b4821d3c,99758,764,598,RGB,JPEG
Yes/2024-02-04 14.23.50.jpeg,2024-02-04 14.23.50.jpeg,Yes,1,60f392e6c2b683e97237151d2b69a6cd6dfea9bfa79c033c016cfc876a6cd92f,154375,844,831,RGB,JPEG
Yes/2024-02-04 15.07.47.jpeg,2024-02-04 15.07.47.jpeg,Yes,1,1051c050dea8fae0de52be89f9bc99d4a0eefd7095fa880badc1d2ed8929e0a8,90566,649,644,RGB,JPEG
Yes/2024-02-04 15.08.05.jpeg,2024-02-04 15.08.05.jpeg,Yes,1,04780b5b4d8fbdf6a7f2b0dafeb63e154878e0ce70eea76540412c136a39ab66,134343,779,759,RGB,JPEG
Yes/2024-02-04 15.08.21.jpeg,2024-02-04 15.08.21.jpeg,Yes,1,201f856ed5f9c40d1484d37114e142c532de967a452f547d7f7e30283c7fb331,148101,1232,747,RGB,JPEG
Yes/2024-02-04 15.08.35.jpeg,2024-02-04 15.08.35.jpeg,Yes,1,9329f3efa20ac5c46edca9329e918dd0194c308c4a07fd963d71828547ecd41f,99049,718,701,RGB,JPEG
Yes/2024-02-04 15.08.49.jpeg,2024-02-04 15.08.49.jpeg,Yes,1,c6a3ca7de4058d05aad1f793c0310b58010978f25261039d49fcd9fb7b17a6cf,99662,902,636,RGB,JPEG
Yes/2024-02-04 15.09.03.jpeg,2024-02-04 15.09.03.jpeg,Yes,1,05b715a7ede9e515c7c25d86d18bf05787606074f15d024b5bae9d18101331d3,145522,844,785,RGB,JPEG
Yes/2024-02-04 15.09.18.jpeg,2024-02-04 15.09.18.jpeg,Yes,1,8b0c65135003f5b05bc69d7158ef7cc31a1b42e410e5c844d2e7fafa8200caa8,146845,818,870,RGB,JPEG
Yes/2024-02-04 15.09.32.jpeg,2024-02-04 15.09.32.jpeg,Yes,1,eddaab11851441b4d07061a6db166533487b939dd1187995c41292e0d4884368,170635,1086,755,RGB,JPEG
Yes/2024-02-04 15.09.47.jpeg,2024-02-04 15.09.47.jpeg,Yes,1,b15fa2b16b6e7836e5bd1c301b50e890d417d1dbb66df4b01307530cd8b6e3e1,110614,929,582,RGB,JPEG
Yes/2024-02-04 15.10.02.jpeg,2024-02-04 15.10.02.jpeg,Yes,1,4f92ad8ae742d33ff0e15497bf0c68a82c8e7286a408f8feb37edf6d59c3948a,152582,986,816,RGB,JPEG
Yes/2024-02-04 15.10.18.jpeg,2024-02-04 15.10.18.jpeg,Yes,1,22dae5b040fae476866c4cadee7fcfce7105838447f032a68739d2c54f534c76,132067,741,824,RGB,JPEG
Yes/2024-02-04 15.10.34.jpeg,2024-02-04 15.10.34.jpeg,Yes,1,ecd93330b06e3f2e1c09ac66325136f122e530a77fb3299b9475dba65aacd40b,110815,794,628,RGB,JPEG
Yes/2024-02-04 15.10.48.jpeg,2024-02-04 15.10.48.jpeg,Yes,1,c284b5dac7beb2bf9fc18ef0998e99ba21e68956822fbf6b4b842599b9fec908,110451,637,770,RGB,JPEG
Yes/2024-02-04 15.11.03.jpeg,2024-02-04 15.11.03.jpeg,Yes,1,d8869bb651517e3d1b5c8c92df0235762c7b752b3bddf5a0972f3504f328be4d,85115,606,628,RGB,JPEG
Yes/2024-02-04 15.11.20.jpeg,2024-02-04 15.11.20.jpeg,Yes,1,872e268e13b2282730cc0a3a328162b6fe100aeb32f8be9cb2e109fce5f20be9,133546,829,720,RGB,JPEG
Yes/2024-02-04 15.11.39.jpeg,2024-02-04 15.11.39.jpeg,Yes,1,db1b9a0bb6c8296508d0aa45f7e71835b58b9e724697853f9a905291e61b436d,111016,771,632,RGB,JPEG
Yes/2024-02-04 15.11.53.jpeg,2024-02-04 15.11.53.jpeg,Yes,1,cc3d270ddcb9bb95c1a481c2c3206e6e04d93ddecf5eb2c6f96de174caf41ec1,76203,710,548,RGB,JPEG
Yes/2024-02-04 15.12.08.jpeg,2024-02-04 15.12.08.jpeg,Yes,1,875dbb26a6a03a3b1a6cfeda98ce07c4b4ddbb3b8b734a7e1d9439c636d9f9e6,111854,721,720,RGB,JPEG
Yes/2024-02-04 15.12.23.jpeg,2024-02-04 15.12.23.jpeg,Yes,1,bc423b9bb25ebfc93aa7f7f686eb921364b0c448e7a3900fc1b3b93f71929c55,77044,729,491,RGB,JPEG
Yes/2024-02-04 15.12.38.jpeg,2024-02-04 15.12.38.jpeg,Yes,1,3e2fb3a7c5f3ee2584a8021a6301f17d672dd698327d46c7e16eabe3b474e51c,98661,1032,491,RGB,JPEG
Yes/2024-02-04 15.12.54.jpeg,2024-02-04 15.12.54.jpeg,Yes,1,ec029f087e2331f54023b6c9a15eeafe721f986368d36baf45af4e7662682cfa,99154,1005,491,RGB,JPEG
Yes/2024-02-04 15.13.08.jpeg,2024-02-04 15.13.08.jpeg,Yes,1,425557e72e2eaee488f131e4af12d5c39ec6430cb6ff8252c43615afb3439911,95401,760,609,RGB,JPEG
Yes/2024-02-04 15.13.24.jpeg,2024-02-04 15.13.24.jpeg,Yes,1,597cf675f5b33c54befbf7291ea37f62975c0ab366ccb4a7d562f31d6978e2ce,61935,629,491,RGB,JPEG
Yes/2024-02-04 15.13.39.jpeg,2024-02-04 15.13.39.jpeg,Yes,1,df2b8d31920310feb95ff3f49bea56e294e7ba37410b9d01e443931558a6b113,70549,668,532,RGB,JPEG
Yes/2024-02-04 15.13.54.jpeg,2024-02-04 15.13.54.jpeg,Yes,1,5565544b4b904affee693abfd566a20eb0c22d29cbbbf56396a2917e1798e645,87860,798,540,RGB,JPEG
Yes/2024-02-04 15.14.09.jpeg,2024-02-04 15.14.09.jpeg,Yes,1,5e0fd31cd8b2e95d7b6d55aef6521d43cf08c5ce4f107ad5d1b9dd1628e43792,131458,1078,639,RGB,JPEG
Yes/2024-02-04 15.14.24.jpeg,2024-02-04 15.14.24.jpeg,Yes,1,4a4baaedb301970557925df8e6ca9ec8043f8376d3d61defb1a8dd5bee6e3a91,98432,979,494,RGB,JPEG
Yes/2024-02-04 15.14.38.jpeg,2024-02-04 15.14.38.jpeg,Yes,1,a6d16261585fa55520842e28ac721f12ebb3089d11d68bb18caec1605b14afdc,125955,1113,551,RGB,JPEG
Yes/2024-02-04 15.14.52.jpeg,2024-02-04 15.14.52.jpeg,Yes,1,fa11c239467b5383854336cffeb0528e7fd6f0ac917a898c2ac96a536821b251,89692,886,491,RGB,JPEG
Yes/2024-02-04 15.15.06.jpeg,2024-02-04 15.15.06.jpeg,Yes,1,126af7ab0e659a2aa7f631449cf33f09f685f0931f7d5f1a9532fba3654055f4,88299,906,491,RGB,JPEG
Yes/2024-02-04 15.15.19.jpeg,2024-02-04 15.15.19.jpeg,Yes,1,02bba5a1aa6499fe00492525db9a45775ee662d0780c02061c17fbc0ae86af45,90036,856,551,RGB,JPEG
Yes/2024-02-04 15.15.37.jpeg,2024-02-04 15.15.37.jpeg,Yes,1,6c3ac76b90ddbee744a85aa287f8097ab05d97017eb0e09868677cb2d72edab9,141986,771,935,RGB,JPEG
Yes/2024-02-04 15.15.51.jpeg,2024-02-04 15.15.51.jpeg,Yes,1,c4c16b881adcf29093999da472a74b3403fd9d7dc86d13bae61e7b75db103cdf,121823,894,697,RGB,JPEG
Yes/2024-02-04 15.16.05.jpeg,2024-02-04 15.16.05.jpeg,Yes,1,e538acc29bcf15bb9d7fbe0ccd41d1b00de4f8f015e4eb5c494c473fad3faa7c,86399,890,491,RGB,JPEG
Yes/2024-02-04 15.16.17.jpeg,2024-02-04 15.16.17.jpeg,Yes,1,545a323c05b3ae5702f4ea675663bb5c526111cad398268490f688ca4323cdcf,89927,871,509,RGB,JPEG
Yes/2024-02-04 15.16.38.jpeg,2024-02-04 15.16.38.jpeg,Yes,1,b25a0e2473dedf519c3c06128ff4874669d737c8a04848c94cd666e01678819c,103682,833,678,RGB,JPEG
Yes/2024-02-04 15.16.54.jpeg,2024-02-04 15.16.54.jpeg,Yes,1,f777f6807a7b1c641ee668005cf810f70c661ef019a9b475dc105ae69186771c,148866,1109,678,RGB,JPEG
Yes/2024-02-04 15.40.26.jpeg,2024-02-04 15.40.26.jpeg,Yes,1,82880f83034f2423542d72fa981350473a0cffb8362f1860de5f19dbd2355354,48205,618,491,RGB,JPEG
Yes/2024-02-04 15.40.42.jpeg,2024-02-04 15.40.42.jpeg,Yes,1,dbcf9debc2d55babacbf340b3362157e42cfd4372368cb42808c28eb9c45ba0e,66502,768,492,RGB,JPEG
Yes/2024-02-04 15.40.59.jpeg,2024-02-04 15.40.59.jpeg,Yes,1,2b6e63d4422923832177b2632d02e0d893b015d62178d88174301c7a8d9045e6,65954,695,503,RGB,JPEG
Yes/2024-02-04 15.41.15.jpeg,2024-02-04 15.41.15.jpeg,Yes,1,45a5a1cdf90929c9d6e8ae3c9a05b0fb5c7574698e5fe2b9e64bbddbc20be7c1,66462,779,491,RGB,JPEG
Yes/2024-02-04 15.41.29.jpeg,2024-02-04 15.41.29.jpeg,Yes,1,d08bb076d113cf8fc1a94e3d64e5676fc6080093f4c972181cc80608ebd2e11c,74024,863,491,RGB,JPEG
Yes/2024-02-04 15.41.44.jpeg,2024-02-04 15.41.44.jpeg,Yes,1,5a195a0b46965ee3514c9f4360ae59c1233946bb1d95508d7a5bc3c975dcfdce,70776,768,530,RGB,JPEG
Yes/2024-02-04 15.42.00.jpeg,2024-02-04 15.42.00.jpeg,Yes,1,6d142da838030449d2ac8268e659d5affad8108fd3ea9912569b0b7f9f9ef8ce,89033,1051,491,RGB,JPEG
Yes/2024-02-04 15.42.18.jpeg,2024-02-04 15.42.18.jpeg,Yes,1,e5b88695d19d6f50bccc9ffe437f6f316126b333af8fe4f7d6ebe4dac527587b,61952,706,491,RGB,JPEG
Yes/2024-02-04 15.42.37.jpeg,2024-02-04 15.42.37.jpeg,Yes,1,97e07c519ea6d525f4b529e39b032a269426eefd1b8873dc169ec6efa1b383f2,69796,791,491,RGB,JPEG
Yes/2024-02-04 15.42.55.jpeg,2024-02-04 15.42.55.jpeg,Yes,1,cecb21d182be3ed5cce23f87b1c1b3a219122cce13e909caf2b117b632c21aa9,80951,944,491,RGB,JPEG
Yes/2024-02-04 16.10.45.jpeg,2024-02-04 16.10.45.jpeg,Yes,1,e949636f668fcbca80d8d337bae2500cb556eb40d1936f19ddb636601bbd1f8a,61978,491,678,RGB,JPEG
Yes/2024-02-04 16.10.58.jpeg,2024-02-04 16.10.58.jpeg,Yes,1,175f2c1fb645348f9ad42d612b61ac93e70aac3fa997e50a7edd80bf16b80ee2,56162,629,491,RGB,JPEG
Yes/2024-02-04 16.11.28.jpeg,2024-02-04 16.11.28.jpeg,Yes,1,233b8c2c7617132f6ae86993bd27d91d86728f323f1e1b927002c6fcb8022364,70702,595,498,RGB,JPEG
Yes/2024-02-04 16.11.50.jpeg,2024-02-04 16.11.50.jpeg,Yes,1,69769291408d7d5dcda8eea4b8f9dfa849944b864f3584916bec60291d9d6960,69256,583,491,RGB,JPEG
Yes/2024-02-04 16.12.16.jpeg,2024-02-04 16.12.16.jpeg,Yes,1,3f741c84d6cab7968b868f0e87a7f3fde59216ad6e1e8c4495e4c1fc72ab15f3,56830,507,492,RGB,JPEG
Yes/2024-02-04 16.12.34.jpeg,2024-02-04 16.12.34.jpeg,Yes,1,253bb31d2830aa8bd293781843a57054b927e1d57f8c91db977868267b4f0874,107115,675,701,RGB,JPEG
Yes/2024-02-04 16.12.49.jpeg,2024-02-04 16.12.49.jpeg,Yes,1,8b65a7ebfdbe9a60bd899220240171a8d5e6354919be1ad5ed63f6915872b0e9,103493,748,662,RGB,JPEG
Yes/2024-02-04 16.13.10.jpeg,2024-02-04 16.13.10.jpeg,Yes,1,88e64c529a7190095ffebc9f47812a6f52d6ed6b46dfca255da48ea20b91abc3,48094,361,643,RGB,JPEG
Yes/2024-02-04 16.13.31.jpeg,2024-02-04 16.13.31.jpeg,Yes,1,249fceb95a795c20c3f9fed96e0afa886a03a1e1bfc2df6286c544d189ea633b,85069,365,885,RGB,JPEG
Yes/2024-02-04 16.13.59.jpeg,2024-02-04 16.13.59.jpeg,Yes,1,539e5ddb8e922eb1dccd89f1b30670049c906cdccf9866753470b8fea2cf5e46,62886,491,582,RGB,JPEG
Yes/2024-02-04 16.14.19.jpeg,2024-02-04 16.14.19.jpeg,Yes,1,b117418768bd4acbde3e9ce1993dd9267959b284a1ab9d07f5e00abf0dcd8135,81050,491,812,RGB,JPEG
Yes/2024-02-04 16.14.40.jpeg,2024-02-04 16.14.40.jpeg,Yes,1,5451f20faf7982b8fbc13294677a0a82d9190f23af88a2674fb480bae46ad3a8,79923,491,582,RGB,JPEG
Yes/2024-02-04 16.15.00.jpeg,2024-02-04 16.15.00.jpeg,Yes,1,383031054361bbeaa88237f11fa30980f426ca76004af27d4c3de39162dbba16,68356,491,601,RGB,JPEG
Yes/2024-02-04 16.15.17.jpeg,2024-02-04 16.15.17.jpeg,Yes,1,dff5887d89f95cd67f8f5040d0bee11d1911acf734947b11fc1e7e0c1e168f93,65182,491,563,RGB,JPEG
Yes/2024-02-04 16.15.32.jpeg,2024-02-04 16.15.32.jpeg,Yes,1,eaf2ccae01d8d5602517a6a6355d5d6d3ccd65815a5a0c9752800b4f2b3e0d83,55541,492,498,RGB,JPEG
Yes/2024-02-04 16.15.51.jpeg,2024-02-04 16.15.51.jpeg,Yes,1,2ee1be530c64c06912634dd358fd535a7ac7a3f291ecef02adccbfd6646f531f,53616,491,494,RGB,JPEG
Yes/2024-02-04 16.16.09.jpeg,2024-02-04 16.16.09.jpeg,Yes,1,ca6c6e374dff461dcdef05c412048dc820763a88d57a2553a151f64bae412e96,73317,491,697,RGB,JPEG
Yes/2024-02-04 16.16.24.jpeg,2024-02-04 16.16.24.jpeg,Yes,1,a9a1cd6f874879c4d70d8f40f03c677406615d4b0e3ae3c51528a52ec1fb46f8,75163,491,666,RGB,JPEG
Yes/2024-02-04 16.16.40.jpeg,2024-02-04 16.16.40.jpeg,Yes,1,a54e2bb185bf5471981919be7f0fced1e3e5877a01f4ba53ea31a16ca83aee32,84295,675,586,RGB,JPEG
Yes/2024-02-04 16.17.00.jpeg,2024-02-04 16.17.00.jpeg,Yes,1,e2978cfca8c481a7480d55248261b119d740effcc3c7b021dbdcd3aba185dad6,114809,733,705,RGB,JPEG
Yes/2024-02-04 16.17.17.jpeg,2024-02-04 16.17.17.jpeg,Yes,1,af003402e7e66a31015b14a0406cf3f8b2bd87379cf61a8b2f2c421d53240c6b,73641,633,628,RGB,JPEG
Yes/2024-02-04 16.17.36.jpeg,2024-02-04 16.17.36.jpeg,Yes,1,3ef8d7168ad47518483e6d523452d52bf1e02d6351e82b99593837f9817e2688,61878,587,559,RGB,JPEG
Yes/2024-02-04 16.17.54.jpeg,2024-02-04 16.17.54.jpeg,Yes,1,c837ec2e49df9844e3b77fb2b74f436e95e792a9c0f9b27e41edc8e6ea097248,54177,560,491,RGB,JPEG
Yes/2024-02-04 16.18.09.jpeg,2024-02-04 16.18.09.jpeg,Yes,1,50567b61bc24ed9de10e8b26257a03879936f9ede224c4928b307239b22ed5f9,58303,503,540,RGB,JPEG
Yes/2024-02-04 16.18.28.jpeg,2024-02-04 16.18.28.jpeg,Yes,1,a39b1f638ae4712b7b0e257a9dded67a1e9cab7a4f0d813ac64055d2ff913c33,56954,515,569,RGB,JPEG
Yes/2024-02-04 16.18.44.jpeg,2024-02-04 16.18.44.jpeg,Yes,1,86646af369320e9280ff4f9da447701398479a65c3180cc1f7331a899108d0b6,76212,610,593,RGB,JPEG
Yes/2024-02-04 16.19.00.jpeg,2024-02-04 16.19.00.jpeg,Yes,1,4f71a6f6fc4053cbba2787e726acee53894456d6d84f3f2b777e9ed7fbf5f03f,56296,491,491,RGB,JPEG
Yes/2024-02-04 16.19.16.jpeg,2024-02-04 16.19.16.jpeg,Yes,1,e04c50c68e780d9a2c2aad720db8634bddad16d87992ed21205c7d43292e77cc,55608,414,544,RGB,JPEG
Yes/2024-02-04 16.19.44.jpeg,2024-02-04 16.19.44.jpeg,Yes,1,ea6f0896b7888cbdf95204880377e75a8f7af3147d0265b6fa0a0527634c175d,53260,491,491,RGB,JPEG
Yes/2024-02-04 16.20.02.jpeg,2024-02-04 16.20.02.jpeg,Yes,1,152d2bd57d731bfc1af6348f02add5e27ee06803bdf1a2d7bbac8f16f1ffc4c6,51439,491,491,RGB,JPEG
Yes/2024-02-04 16.20.21.jpeg,2024-02-04 16.20.21.jpeg,Yes,1,addafaf6b64fa38a62e5546089db8340504204d064319131b6791ce1b22dedac,42154,334,490,RGB,JPEG
Yes/2024-02-04 16.20.39.jpeg,2024-02-04 16.20.39.jpeg,Yes,1,78e28a3df937e65ee44b98d4f522ddda6b73e8e7e4df1100fc74d6cb6c1426c0,41009,350,490,RGB,JPEG
Yes/2024-02-04 16.20.58.jpeg,2024-02-04 16.20.58.jpeg,Yes,1,45a26ce31a086583aa83cdb15e32a40fc22f5766f9e2cebec6e77dec2667775a,54738,491,491,RGB,JPEG
Yes/2024-02-04 16.21.17.jpeg,2024-02-04 16.21.17.jpeg,Yes,1,91212419c4f34d0f4a23b1761592c63d7e15e7325a75df360f83278d672e34cb,55584,518,491,RGB,JPEG
Yes/2024-02-04 16.21.34.jpeg,2024-02-04 16.21.34.jpeg,Yes,1,5b34dec42e456c6fe1bed0c84f6aaa4af4096abfd47801eb8168f7560a4c90dd,63986,591,491,RGB,JPEG
Yes/2024-02-04 16.21.49.jpeg,2024-02-04 16.21.49.jpeg,Yes,1,37b646a62f40926f9f27b6c0771ad6e98e9f2c70e5a2903113dbbdd0ead20310,85158,645,587,RGB,JPEG
Yes/2024-02-04 16.22.04.jpeg,2024-02-04 16.22.04.jpeg,Yes,1,84fdd2300fc128d7496efc12485b6641227c9b357a2c6fee051c9fc613208cad,67200,641,491,RGB,JPEG
Yes/2024-02-04 16.22.28.jpeg,2024-02-04 16.22.28.jpeg,Yes,1,ea0a7323a2a446629bd86d0bd23f2cbf24df40c961336212403fe1933ea5a6e7,91643,971,548,RGB,JPEG
Yes/2024-02-04 16.22.43.jpeg,2024-02-04 16.22.43.jpeg,Yes,1,872bda2f154e41dc7645a9ae298615d99e5d2f92bf1d5be5336e8f6969444c40,75721,656,616,RGB,JPEG
Yes/2024-02-04 16.23.00.jpeg,2024-02-04 16.23.00.jpeg,Yes,1,aeac98cdc0222ec111e2babd44d113275bb6bc0485b42b38200a4e3651c44697,74215,614,640,RGB,JPEG
Yes/2024-02-04 16.23.15.jpeg,2024-02-04 16.23.15.jpeg,Yes,1,a2596622a8075657112846a1c8ea2ae974a495f2e3039fe8c24716d6fbf93e86,46568,491,491,RGB,JPEG
Yes/2024-02-04 16.23.31.jpeg,2024-02-04 16.23.31.jpeg,Yes,1,0bbce75b95e883e6f450948cf471ae144315263bb8c5f6f4a61e72f1c86882d7,72448,537,670,RGB,JPEG
Yes/2024-02-04 16.23.44.jpeg,2024-02-04 16.23.44.jpeg,Yes,1,abb914e4e5870f74f01b56ff9c6afdb277c834d14ce4519eea02ecdd33b861f3,55635,568,491,RGB,JPEG
Yes/2024-02-04 16.24.00.jpeg,2024-02-04 16.24.00.jpeg,Yes,1,c794ffde2ebe292398d3d8f3cb85eb978fe9686beba05c253d3e64590fb81b39,129533,1025,644,RGB,JPEG
Yes/2024-02-04 16.24.16.jpeg,2024-02-04 16.24.16.jpeg,Yes,1,4f0ca64fdf97592b85f0497e79fdb2a4e5c097472c5d837a8f49e8ce3838128d,98427,721,666,RGB,JPEG
Yes/2024-02-04 16.24.31.jpeg,2024-02-04 16.24.31.jpeg,Yes,1,97d1b24b0ac0c4776aed8e2ea3e382790ff9fd1a4f7038edacb10c44e8abbdcd,110817,633,831,RGB,JPEG
Yes/2024-02-04 16.24.47.jpeg,2024-02-04 16.24.47.jpeg,Yes,1,4c89b448f0fe8661deeb51a5595530cfc10c616c4176cf210810e65e0310fb12,119035,771,670,RGB,JPEG
Yes/2024-02-04 16.32.46.jpeg,2024-02-04 16.32.46.jpeg,Yes,1,dce52769b2e2f3a33e9b4bba627ee51f894bb9018175ba2c2b16105d75f75bbf,40510,514,491,RGB,JPEG
Yes/2024-02-04 16.36.35.jpeg,2024-02-04 16.36.35.jpeg,Yes,1,3daab20d0c5dc50f9a366389c6ca9918048a7bcbf3a21cdbcda9e38b7a00422b,54949,491,659,RGB,JPEG
Yes/2024-02-04 16.36.51.jpeg,2024-02-04 16.36.51.jpeg,Yes,1,0be599c8536d09d41d372cc98db86082b529b2c844f7ccf2ae4e80bb8932aee1,59427,675,491,RGB,JPEG
Yes/2024-02-04 16.37.09.jpeg,2024-02-04 16.37.09.jpeg,Yes,1,3126a588b07b451425458eff851aa35c3f00679cc00a45bc6be68f5703851988,68336,683,536,RGB,JPEG
Yes/2024-02-04 16.37.27.jpeg,2024-02-04 16.37.27.jpeg,Yes,1,1939187c409c737fdc7df3c0f45d8d6df52d84490a4e5544b9394424ecb32ebd,62903,595,590,RGB,JPEG
Yes/2024-02-04 16.37.43.jpeg,2024-02-04 16.37.43.jpeg,Yes,1,be0a02ba788f0f8f0b5f2d457e744b0e6ce724c09b21354fcbe228a79a5f5150,69198,771,578,RGB,JPEG
Yes/2024-02-04 16.37.57.jpeg,2024-02-04 16.37.57.jpeg,Yes,1,1fda7b50cf893e931c47f9141729c0e365c3e8758e107f12ccc1ecfcf7691ad9,55255,626,502,RGB,JPEG
Yes/2024-02-04 16.38.11.jpeg,2024-02-04 16.38.11.jpeg,Yes,1,091effaf07d1ca876798a2ca78b6f7ba079d7d2966637f3c8ff29ec9760e7856,71387,641,724,RGB,JPEG
Yes/2024-02-04 16.38.26.jpeg,2024-02-04 16.38.26.jpeg,Yes,1,8104809b371df72cdc790a22b7f22134e6e730f17e9701e1b11c389f25f44cd0,51480,491,559,RGB,JPEG
Yes/2024-02-04 16.38.40.jpeg,2024-02-04 16.38.40.jpeg,Yes,1,bad6f2b6d6c8a9410cb4271cc35ce124084843a902fb4cdf8e8e560f31c37974,63019,660,509,RGB,JPEG
Yes/2024-02-04 16.38.54.jpeg,2024-02-04 16.38.54.jpeg,Yes,1,c26514c295d9c7c5bb88595ff87311a0c09652923ea0b2475f182581323944da,82274,695,625,RGB,JPEG
Yes/2024-02-04 16.39.08.jpeg,2024-02-04 16.39.08.jpeg,Yes,1,49de3e6e6e1ff193d96ce31f753cc5284021e2fda50aeb626e9f8ff986d0f256,49803,526,506,RGB,JPEG
Yes/2024-02-04 16.39.24.jpeg,2024-02-04 16.39.24.jpeg,Yes,1,5633d041c10df281a3e3d24983387ec8acb1767cb9253b4e5087c6361104246a,40236,328,546,RGB,JPEG
Yes/2024-02-04 16.39.54.jpeg,2024-02-04 16.39.54.jpeg,Yes,1,78ee9b21f6d10c40b3680cbf4ff3dfb2a00ca6c762bee2d96295c06bfff0a7e7,25437,226,332,RGB,JPEG
Yes/2024-02-04 16.40.17.jpeg,2024-02-04 16.40.17.jpeg,Yes,1,a645897b01a20e53b276cc0a326f960a1c212e9a385b93135bdb058d2f965a4c,39624,348,546,RGB,JPEG
Yes/2024-02-04 16.40.39.jpeg,2024-02-04 16.40.39.jpeg,Yes,1,4180cad03c09442090a53f9b49b8636f6bf542194ca4e8008fc4c0501a1e48bb,33269,342,398,RGB,JPEG
Yes/2024-02-04 16.41.05.jpeg,2024-02-04 16.41.05.jpeg,Yes,1,4623b9722310b8ecb109ec53e3eb9c4595b0fdd711e3b47a23719e6d1f90cb5b,28307,216,330,RGB,JPEG
Yes/2024-02-04 16.41.31.jpeg,2024-02-04 16.41.31.jpeg,Yes,1,1f1f0a15edb209b57b8302c31b1d989fedc8d488eec2fa0728e7c19fbab4e097,63491,533,528,RGB,JPEG
Yes/2024-02-04 16.41.51.jpeg,2024-02-04 16.41.51.jpeg,Yes,1,36115d7a268fd53064d6b3f225d57533ca93dfaa77412ca15e677bf948f66805,109658,593,800,RGB,JPEG
Yes/2024-02-04 16.42.11.jpeg,2024-02-04 16.42.11.jpeg,Yes,1,d58252cfb18fb5089a187053c95cc401ef84b4584aaf14ba27dd9834fdc9ccc6,66896,660,491,RGB,JPEG
Yes/2024-02-04 16.42.27.jpeg,2024-02-04 16.42.27.jpeg,Yes,1,391770fff58128432d07063f28be9fff5b5e59d1f5d118e5e676123850c64ad6,95023,779,563,RGB,JPEG
Yes/2024-02-04 16.42.43.jpeg,2024-02-04 16.42.43.jpeg,Yes,1,98b6f18d3e29aad0a8c4f529fdb5c89e2aca94d38af0c7c5011bffbd8758cc35,69579,595,540,RGB,JPEG
Yes/2024-02-04 16.42.56.jpeg,2024-02-04 16.42.56.jpeg,Yes,1,95204e6d41c02c9281a59235788c18b3302798fce00b02fd834994364a3e48a7,63436,491,643,RGB,JPEG
Yes/2024-02-04 16.43.12.jpeg,2024-02-04 16.43.12.jpeg,Yes,1,f63d170ccb0b64ec7ec6b78935b2099946d8fd43011cd1e95bfca280355ebca0,63095,491,659,RGB,JPEG
Yes/2024-02-04 16.43.27.jpeg,2024-02-04 16.43.27.jpeg,Yes,1,efcbe0cbcac58c6c0050e70c1328dbec9163f96dfac2bf1e65af59c64b58f9a1,66924,507,617,RGB,JPEG
Yes/2024-02-04 16.43.41.jpeg,2024-02-04 16.43.41.jpeg,Yes,1,e384fb4f7603738cb9b5cdf83c8123cd0919cabae6f19dce68e2c4063d74a35c,90132,683,632,RGB,JPEG
Yes/2024-02-04 16.43.55.jpeg,2024-02-04 16.43.55.jpeg,Yes,1,77ec7a715d0c933bce76b03f5326e19543e7a9996a4b45ab8224333f849e0572,137368,710,628,RGB,JPEG
Yes/2024-02-04 16.44.15.jpeg,2024-02-04 16.44.15.jpeg,Yes,1,22f3b84affc2e17298153dc3aebfe4ad96c44aa5525344b65fc38d2eb1875990,117499,925,621,RGB,JPEG
Yes/2024-02-04 16.44.37.jpeg,2024-02-04 16.44.37.jpeg,Yes,1,52149135d03c795e4f66435955f398aa6b02d9cf54eecfa30c433824a535dac4,105810,975,575,RGB,JPEG
Yes/2024-02-04 16.44.55.jpeg,2024-02-04 16.44.55.jpeg,Yes,1,386e846c3e076f47e21dd0079e982c98df6335790349ca4e55dff4610c8a1376,78042,599,628,RGB,JPEG
Yes/2024-02-04 16.45.09.jpeg,2024-02-04 16.45.09.jpeg,Yes,1,18eef45adcbba9efaebc4a167fb51f58df126d4ab2d6843b91bc96f4e1f79126,53275,495,532,RGB,JPEG
Yes/2024-02-04 16.45.22.jpeg,2024-02-04 16.45.22.jpeg,Yes,1,ebe852163898587eae4b2f573248bfffd1601cb51384641cbe2aeef492ddfa7d,67727,491,620,RGB,JPEG
Yes/2024-02-04 16.45.36.jpeg,2024-02-04 16.45.36.jpeg,Yes,1,6a94fb1da92a7089ccb58b57f31f874897f66d4e13defc089bb7a58452177cfa,76500,518,697,RGB,JPEG
Yes/2024-02-04 16.45.54.jpeg,2024-02-04 16.45.54.jpeg,Yes,1,109708e6721e027c4e1a4dd93c5a435794272d936fc046432e83ed677a313cbc,61660,641,517,RGB,JPEG
Yes/2024-02-04 16.46.08.jpeg,2024-02-04 16.46.08.jpeg,Yes,1,ea951213f33c74b46da3a3455d69818b0a18f738059edb34efc6e5df1fe49bd2,64651,550,659,RGB,JPEG
Yes/2024-02-04 16.46.23.jpeg,2024-02-04 16.46.23.jpeg,Yes,1,729f0a62eea68eef7e98584f8275230a6ea58722896281f766808944b50b5dbf,130627,1083,677,RGB,JPEG
Yes/2024-02-04 16.46.52.jpeg,2024-02-04 16.46.52.jpeg,Yes,1,81c655106b836345357a3596070e04f37c6ae56a5a9593d0124712dbbcbc9bff,151913,841,1012,RGB,JPEG
Yes/2024-02-04 16.47.08.jpeg,2024-02-04 16.47.08.jpeg,Yes,1,29dffbd824bc1d499fc1ccead26bb2685e48262f381a9ebead085207eb3df150,63451,545,678,RGB,JPEG
Yes/2024-02-04 16.47.22.jpeg,2024-02-04 16.47.22.jpeg,Yes,1,7a05112491f5113d931b4259468bac2864df78b91b58a45c4bd878b0e21fd36b,55645,652,497,RGB,JPEG
Yes/2024-02-04 16.47.37.jpeg,2024-02-04 16.47.37.jpeg,Yes,1,dd42f336b9fd7e31724bfc6b4f05b247961f1ce93c47adf768965b8af3701b3d,64291,679,532,RGB,JPEG
Yes/2024-02-04 16.47.52.jpeg,2024-02-04 16.47.52.jpeg,Yes,1,f78b520af1654ec11149fa71c57792a8ec4cf3d532673b548835d74eaff2032a,68204,775,513,RGB,JPEG
Yes/2024-02-04 16.48.08.jpeg,2024-02-04 16.48.08.jpeg,Yes,1,64bd16a040fa9e482ff0b3018db267c29351af25a342c794de8e1fbbf1d49437,76058,663,689,RGB,JPEG
Yes/2024-02-04 16.48.24.jpeg,2024-02-04 16.48.24.jpeg,Yes,1,fcdc9c5d003102e429317d7e2e426965c5f3e8fd7eec62110e367d6303ac64ab,69671,725,563,RGB,JPEG
Yes/2024-02-04 16.48.39.jpeg,2024-02-04 16.48.39.jpeg,Yes,1,cae1a092edb82f0d3b9595c047381bce8fd59e285ce417414d1c3e0beadce430,87231,752,659,RGB,JPEG
Yes/2024-02-04 16.48.54.jpeg,2024-02-04 16.48.54.jpeg,Yes,1,c5e7c73bcc0113e904b2a67fa28a74d50acce3211c501cd7cb521c44ed605c7a,132112,848,881,RGB,JPEG
Yes/2024-02-04 16.49.09.jpeg,2024-02-04 16.49.09.jpeg,Yes,1,8f91b1eab95ae73ecf4833512f7db5ab736ee1b86b27b5856fb7c8bbfe91036d,129407,979,709,RGB,JPEG
Yes/2024-02-26 23.13.24.jpeg,2024-02-26 23.13.24.jpeg,Yes,1,f0d86a30e217f73b753457dcd9c1d151662a3f98569bf553d6eb3c844f0664b1,293102,1179,1291,RGB,JPEG
Yes/2024-02-26 23.13.47.jpeg,2024-02-26 23.13.47.jpeg,Yes,1,c5bb5708187c4a09fdf6a649b528083f5176bddf90dbb6fb09b156679686d7bf,208762,902,1035,RGB,JPEG
Yes/2024-02-26 23.14.08.jpeg,2024-02-26 23.14.08.jpeg,Yes,1,b49692c369050c11873973e21383ca4a0a08d2fe2b93ca852c4c12b4ba229b7f,98221,514,839,RGB,JPEG
Yes/2024-02-26 23.14.30.jpeg,2024-02-26 23.14.30.jpeg,Yes,1,496a5765010b666dfed1514371c7e0acad826a185a9935dcaa23015fddd4bd17,53062,408,546,RGB,JPEG
Yes/2024-02-26 23.15.07.jpeg,2024-02-26 23.15.07.jpeg,Yes,1,8a18eaf4fb357fac0bfe9138a930243532613e9c84bebd9fbfcf5cdfd2985487,35494,348,408,RGB,JPEG
Yes/2024-02-26 23.15.48.jpeg,2024-02-26 23.15.48.jpeg,Yes,1,71b7b6f00b70d9ff490f0fdd3f8194e445462c096cc0099235b7fc8348683edf,129086,796,698,RGB,JPEG
Yes/2024-02-26 23.16.16.jpeg,2024-02-26 23.16.16.jpeg,Yes,1,0cbaecde4ef423e9c1a07e44ed219041dc8095c97deae63d82eb85a18ac364f8,71783,718,506,RGB,JPEG
Yes/2024-02-26 23.16.38.jpeg,2024-02-26 23.16.38.jpeg,Yes,1,2c02dd47363eb85a846113344fb8722e111c8a5157f81eca93658adbe0b91608,118351,706,789,RGB,JPEG
Yes/2024-02-26 23.18.43.jpeg,2024-02-26 23.18.43.jpeg,Yes,1,fa65f81cd870da8feeda268587dce73bd4e08bb0a38156c709142e3a56336e7d,193326,986,1031,RGB,JPEG
Yes/2024-02-26 23.21.01.jpeg,2024-02-26 23.21.01.jpeg,Yes,1,2859699a872c098f26ae9500097f707d914c8a74ce43998d4c1bfaa074e87b8e,92482,591,766,RGB,JPEG
Yes/2024-02-26 23.21.06.jpeg,2024-02-26 23.21.06.jpeg,Yes,1,19e9223a7541644d8f44dce4d69f88610b8f08e2930ba29483e15a5ff203b24c,94157,794,658,RGB,JPEG
Yes/2024-02-26 23.21.10.jpeg,2024-02-26 23.21.10.jpeg,Yes,1,356627768e2516a7aa9718ba58577464cca87e2690f2abaa3aaeda96164de23c,102573,687,759,RGB,JPEG
Yes/2024-02-26 23.21.14.jpeg,2024-02-26 23.21.14.jpeg,Yes,1,25145377248b4e1f724c1d39f10edc1c0ae68e09c2b755e17af14c019570d6c0,117938,806,751,RGB,JPEG
Yes/2024-02-26 23.21.19.jpeg,2024-02-26 23.21.19.jpeg,Yes,1,ca6681d03f2eab4b9d12c55ea458ff6186d95a99be97b34ed27d7c6ae917813f,118174,660,701,RGB,JPEG
Yes/2024-02-26 23.21.23.jpeg,2024-02-26 23.21.23.jpeg,Yes,1,bda7f762f367968e9809e7f69aff8f51e47ab5c1a0d84fe6224f2f3111f7fca4,96542,718,625,RGB,JPEG
Yes/2024-02-26 23.21.26.jpeg,2024-02-26 23.21.26.jpeg,Yes,1,5aa39df3e8bd671bc260113f81b5762eddb13141816f1b20fb91fd1c1a179e1c,117146,871,682,RGB,JPEG
Yes/2024-02-26 23.21.32.jpeg,2024-02-26 23.21.32.jpeg,Yes,1,6a0d1c6a91d856a181f41974b44c692066402df143f4163ee651c0d7b089636a,75369,587,597,RGB,JPEG
Yes/2024-02-26 23.21.36.jpeg,2024-02-26 23.21.36.jpeg,Yes,1,13ae64e3ec2fb6987e7c5b1b7444513573b2697ced8b30a3bab5698676138ad1,78661,656,563,RGB,JPEG
Yes/2024-02-26 23.21.40.jpeg,2024-02-26 23.21.40.jpeg,Yes,1,3d11003b40d5c556bb0f7454860ba25b43c9964348384d48958107e44589be73,102072,629,601,RGB,JPEG
Yes/2024-02-26 23.21.43.jpeg,2024-02-26 23.21.43.jpeg,Yes,1,9642732e2b4afe677f065c6e4ef1a72565c9a35cf177301189b6957551a3fc51,101673,890,505,RGB,JPEG
Yes/2024-02-26 23.21.47.jpeg,2024-02-26 23.21.47.jpeg,Yes,1,2c11ce41ee85944c9bd8cc5f67920763bd52ec2c427b40e0a6d5f6ae21a6e296,151351,1067,713,RGB,JPEG
Yes/2024-02-26 23.21.59.jpeg,2024-02-26 23.21.59.jpeg,Yes,1,62cb035fe2b9998fd5325cd6cd3decd693a2d6f15f86ca9e1fbd632e6bfa50db,107249,675,789,RGB,JPEG
Yes/2024-02-26 23.22.02.jpeg,2024-02-26 23.22.02.jpeg,Yes,1,d88adbc736a4d551bbfb524b4d735ca082270a715f1c72898dbe0bf2f9dbce46,98852,725,639,RGB,JPEG
Yes/2024-02-26 23.22.04.jpeg,2024-02-26 23.22.04.jpeg,Yes,1,5f6e523bc8d9f0a723cbece54b8e3ded9f2751349ed5a420880337b0b480a31e,95635,695,640,RGB,JPEG
Yes/2024-02-26 23.22.07.jpeg,2024-02-26 23.22.07.jpeg,Yes,1,accb8ae578c2983986a82e527e5c1e717234af555b102817850c319e2bb48eea,59362,466,513,RGB,JPEG
Yes/2024-02-26 23.22.10.jpeg,2024-02-26 23.22.10.jpeg,Yes,1,87f29de92104223bb93b25b72ffa3ac256b3631b399cb2e6d34362ddb6a2e599,66608,606,532,RGB,JPEG
Yes/2024-02-26 23.22.16.jpeg,2024-02-26 23.22.16.jpeg,Yes,1,70726ee0a5717f7c0624c516210623ffc4fa058994047a9b54bed07dfaa3fc40,98954,695,682,RGB,JPEG
Yes/2024-02-26 23.22.19.jpeg,2024-02-26 23.22.19.jpeg,Yes,1,d1ad81d41e8d64eb988816bc6032b3c0165e6ab690cd9cc8bf965c10d65ebb88,135342,848,831,RGB,JPEG
Yes/2024-02-26 23.22.22.jpeg,2024-02-26 23.22.22.jpeg,Yes,1,4ee550b1e9a94dde11176c13e70a85e3d0de9b0ae051695ab47dde7b5968ce9e,153421,1013,805,RGB,JPEG
Yes/2024-02-26 23.22.25.jpeg,2024-02-26 23.22.25.jpeg,Yes,1,a5a3cbc3ab00b65832ce70e66afcf0c69f5d7982892ae4856c2043d0788bbdc1,195101,829,1073,RGB,JPEG
Yes/2024-02-26 23.22.27.jpeg,2024-02-26 23.22.27.jpeg,Yes,1,051b4efa4d97d84dadd976777c4f40b3f7bcd98dd50114c8c618fad4cf2f4f7e,226541,1026,1202,RGB,JPEG
Yes/2024-02-26 23.22.30.jpeg,2024-02-26 23.22.30.jpeg,Yes,1,792a8789e4f621ae0a05a9b14575fd0cae15c8765c74680c64be07596b623ae7,213339,833,958,RGB,JPEG
Yes/2024-02-26 23.25.36.jpeg,2024-02-26 23.25.36.jpeg,Yes,1,9a6b6998295b2c2025120327ebb6e634a3f00e51d12201261f44894965ad14c7,69551,556,555,RGB,JPEG
Yes/2024-02-26 23.29.22.jpeg,2024-02-26 23.29.22.jpeg,Yes,1,6f14a6a804d2929abbe201a3915cabecc741f2dbe874fa8115088aa7f21dfe7f,89194,614,647,RGB,JPEG
Yes/2024-02-26 23.35.16.jpeg,2024-02-26 23.35.16.jpeg,Yes,1,15e389c8107e8d46d6367e0dbbab33e453195c463fb2a7c500b1ca023fcc4103,67237,545,609,RGB,JPEG
Yes/2024-02-26 23.35.32.jpeg,2024-02-26 23.35.32.jpeg,Yes,1,547b5ad61a84e12b1b6feeeb73321d9a2ccffdc5f6fa0448f57f7dcf3300f14b,127431,994,574,RGB,JPEG
Yes/2024-02-26 23.35.53.jpeg,2024-02-26 23.35.53.jpeg,Yes,1,44a7d2e99b408f8ad955d1e78536bbcd7bb4f055ace23e751f35f0e17ce97a4d,74340,495,636,RGB,JPEG
Yes/2024-02-26 23.36.30.jpeg,2024-02-26 23.36.30.jpeg,Yes,1,2e7ee660892086275e0695820eef4058d2c33845a1c82f445708c616a1717d3d,114833,672,609,RGB,JPEG
Yes/2024-02-26 23.37.03.jpeg,2024-02-26 23.37.03.jpeg,Yes,1,a33d84059cf7a73ccddfa7862260a8d3a2658a94b97c8b8a54616cfc91cbe778,74122,725,491,RGB,JPEG
Yes/2024-02-26 23.37.29.jpeg,2024-02-26 23.37.29.jpeg,Yes,1,82b88d33e021dcd165b6aa3dc4811ef075f864aab0b1f11dd9a432ab9a9fb78e,67838,706,491,RGB,JPEG
Yes/IMG_0185.jpeg,IMG_0185.jpeg,Yes,1,4da7e6ba62f2ad5f0be180452002877d6a8ce82a86a1f1279421b6c0d448f57d,36527,400,340,RGB,JPEG
Yes/IMG_0186.jpeg,IMG_0186.jpeg,Yes,1,0b3b201d703e4e8101a0060551448b387ae6be7698ea16db6e321eac4e3685e3,49541,687,317,RGB,JPEG
Yes/IMG_0187.jpeg,IMG_0187.jpeg,Yes,1,e8b848c9ae90664356220239af2cefdad0a73b24d7df4f2120372f7fd07159b5,58101,626,492,RGB,JPEG
Yes/IMG_0188.jpeg,IMG_0188.jpeg,Yes,1,b10959f90c4c277fd80fa6c169bd1ef8520de786ecfd9beb952a3ce1e6d31620,101952,641,878,RGB,JPEG
Yes/IMG_0193.jpeg,IMG_0193.jpeg,Yes,1,7a12625a816cd89de4b75ddf1c65b4342a5f09e96d338927d0e77b64f7970cb1,96669,695,736,RGB,JPEG
Yes/IMG_0194.jpeg,IMG_0194.jpeg,Yes,1,0948b739232349b8860be4d9a84ebb501f46822b1a596524e90e6a504447b839,145880,787,912,RGB,JPEG
Yes/IMG_0195.jpeg,IMG_0195.jpeg,Yes,1,599a03dc7387278c9efb3674235f746388eb49fe2e8babf9e12b559680d197cb,102723,913,678,RGB,JPEG
Yes/IMG_0196.jpeg,IMG_0196.jpeg,Yes,1,c73b4bc1702e497fecffd7902646657cde784c2a21884e05fb1f182d43c1dda5,114653,1028,563,RGB,JPEG
Yes/IMG_0197.jpeg,IMG_0197.jpeg,Yes,1,bd726f9649ad2a4d31d6dd3a494c3f2772c0d76935e1749f0a81fe0c59ecd040,85978,783,491,RGB,JPEG
Yes/IMG_0198.jpeg,IMG_0198.jpeg,Yes,1,901d3e808d383055ccc660457bfd12191260378f51d300c20b00e713b37b6860,90299,748,547,RGB,JPEG
Yes/IMG_0210.jpeg,IMG_0210.jpeg,Yes,1,4203bd7081bdec46d15ac1c37dc151fb232ef6740ad98b1bae78cb2372b8bbf0,184788,1063,935,RGB,JPEG
Yes/IMG_0211.jpeg,IMG_0211.jpeg,Yes,1,03f1fb3079305769b763effcd20baaef851d29dde66fc3ad0982ea3ef52db546,112969,1086,544,RGB,JPEG
Yes/IMG_0212.jpeg,IMG_0212.jpeg,Yes,1,042f92cb607077ca853c3b494db37fa991247fd7808e38ffacd2bda87f0015bf,113053,1044,534,RGB,JPEG
Yes/IMG_0213.jpeg,IMG_0213.jpeg,Yes,1,c79b967e310ac7b33c111007f330f13c2131a0b00d72eb46959742b2b5499a6e,149580,982,693,RGB,JPEG
Yes/IMG_0214.jpeg,IMG_0214.jpeg,Yes,1,78263db3e49298a7b07b47a01de1efbc5301aa4f549dc1f1b155404a7773ba0e,185970,967,977,RGB,JPEG
Yes/IMG_0215.jpeg,IMG_0215.jpeg,Yes,1,21a482a42d45e59c4c67a0a1da5f0d852defec3ad48c57977fda4dccd9290983,127951,998,624,RGB,JPEG
Yes/IMG_0216.jpeg,IMG_0216.jpeg,Yes,1,ec28ace71c912e3c5c55723af5c9c674937fda08ee9aff123f28626812f6ddc1,153515,948,805,RGB,JPEG
Yes/IMG_0217.jpeg,IMG_0217.jpeg,Yes,1,b106e9a1502fe9bd5b6e3eff18751cd91dc1beba1c56fed12c628770f37e7844,98717,886,491,RGB,JPEG
Yes/IMG_0218.jpeg,IMG_0218.jpeg,Yes,1,13d50696110c1d61115979de42315c8245c99d21cc1764875048587c33f5975e,77664,814,491,RGB,JPEG
Yes/IMG_0219.jpeg,IMG_0219.jpeg,Yes,1,7a0bce2926a98e840f8c4b3268a3fc9150e59a8e3eff0579edc740138e407c9f,95356,817,509,RGB,JPEG
Yes/IMG_0241.jpeg,IMG_0241.jpeg,Yes,1,7603e663b1467fe9478932324905e5f30a8294ddec4811d6009b2c3a17d6d3da,57450,606,495,RGB,JPEG
Yes/IMG_0242.jpeg,IMG_0242.jpeg,Yes,1,a8b920c5d6457d0f3f2fab2316cc81a510394538819e70f3beb37757f534c39d,72689,737,491,RGB,JPEG
Yes/IMG_0243.jpeg,IMG_0243.jpeg,Yes,1,6cae7f26024c9bde7c2507890600541314fb4e5e1740c829f4b8423453e3dc67,73971,656,543,RGB,JPEG
Yes/IMG_0244.jpeg,IMG_0244.jpeg,Yes,1,61f54f9c56b0a0c48cb7dedc027e3899cceabd7e133e8baf20aea2069b9b1ef9,73935,656,540,RGB,JPEG
Yes/IMG_0245.jpeg,IMG_0245.jpeg,Yes,1,68cd5500c8918f5e11b5faaabbfd6d52d81deb4610d661535c6b072f4ae76520,66866,637,491,RGB,JPEG
Yes/IMG_0246.jpeg,IMG_0246.jpeg,Yes,1,f1203a0d46990af5d1a00ad7b501bba3736d0a82c28311132c7fa751f8f97c10,122296,917,732,RGB,JPEG
Yes/IMG_0247.jpeg,IMG_0247.jpeg,Yes,1,b8cbeb94483136a3aa4135d71316f580f5bf90fab2d794337921b33d0bb6bc84,87514,848,491,RGB,JPEG
Yes/IMG_0248.jpeg,IMG_0248.jpeg,Yes,1,0d19993931f9404f0874667bcef6c858920938eb5255a91874216938a9316bbf,89988,913,491,RGB,JPEG
Yes/IMG_0249.jpeg,IMG_0249.jpeg,Yes,1,384a808e695ea4efb63ccaa5717b1b64fa3ffb5d37ae1a13f3320d5283914845,123542,852,716,RGB,JPEG
Yes/IMG_0250.jpeg,IMG_0250.jpeg,Yes,1,4ce690cc58fd58938452690c31170a1e87a415d8f7f09415772d5a8b8562b038,31646,226,494,RGB,JPEG
Yes/IMG_0251.jpeg,IMG_0251.jpeg,Yes,1,0fa780c6558320641783d2e32245f7833da0e6a24a33a56554a658577b40838e,62713,599,491,RGB,JPEG
Yes/IMG_0252.jpeg,IMG_0252.jpeg,Yes,1,681a91dafd553da691c540c22175d7381bda0f90b1bff0e0ab3e7c23422eb630,54426,491,526,RGB,JPEG
Yes/IMG_0253.jpeg,IMG_0253.jpeg,Yes,1,abc1f1d5eeb429bad0839b2970c6ad5ea478888b1cb3538bf471b771f73e937b,63408,618,491,RGB,JPEG
Yes/IMG_0254.jpeg,IMG_0254.jpeg,Yes,1,044c102459ca69267cbf5b81cf17d6b66f6b4c12c131dba7613e95a550a5029a,64997,633,491,RGB,JPEG
Yes/IMG_0255.jpeg,IMG_0255.jpeg,Yes,1,a849d649b86ab8a91705e34904fad501732e0b59a61d74146f2f8b19429fff4d,40984,393,417,RGB,JPEG
Yes/IMG_0256.jpeg,IMG_0256.jpeg,Yes,1,bf5146ebcdb65b1bfd9ac3b1a994378e704d26fe70c908af20b562d68f47fefe,75965,748,491,RGB,JPEG
Yes/IMG_0257.jpeg,IMG_0257.jpeg,Yes,1,d8cff9faba720a811807084b05ad47f78fe4110c383ff61996c364339cc57536,54766,495,491,RGB,JPEG
Yes/IMG_0258.jpeg,IMG_0258.jpeg,Yes,1,9f3705fc1e6f5658d6a52c3d2e2418b64c56e2baf7775b835ef73bffdc52b6e4,46261,549,360,RGB,JPEG
Yes/IMG_0259.jpeg,IMG_0259.jpeg,Yes,1,66223a6e2cb8642052910f44af30ca5515bac249a91870cdc14bf20f07775c42,68763,656,491,RGB,JPEG
Yes/IMG_0260.jpeg,IMG_0260.jpeg,Yes,1,a27efc2017943ede76323de5540c841cbb1c0059de8b45147ae071a76d75d6b9,43331,495,357,RGB,JPEG
Yes/IMG_0261.jpeg,IMG_0261.jpeg,Yes,1,98c47d2fc51929a8f0947debf5509dc2e6364e31efdf53b817fe84b905f0c474,69737,706,491,RGB,JPEG
Yes/IMG_0262.jpeg,IMG_0262.jpeg,Yes,1,b399637c29160f04262bfc2e273c6388cad97cfd32e67d247098510a2643d812,53847,519,408,RGB,JPEG
Yes/IMG_0263.jpeg,IMG_0263.jpeg,Yes,1,128a09562d27bb4a2020ae33921bd44f083afa5be3dafc17a8c504baed9c2a7d,35646,479,276,RGB,JPEG
Yes/IMG_0264.jpeg,IMG_0264.jpeg,Yes,1,649e59767e2b1563babd25236ab028e5420df1b4ec14485dc4856e41842d3c74,30859,382,270,RGB,JPEG
Yes/IMG_0265.jpeg,IMG_0265.jpeg,Yes,1,8f1bff23aa56ad9952bf9684f61a1e83c8135eb3c3daabb10397170da821cae8,32629,528,247,RGB,JPEG
Yes/IMG_0266.jpeg,IMG_0266.jpeg,Yes,1,49ac8dce126f6cbfbcffea1ce7bc72ea426940c75f8fb30249f4e7a7bf19d7f4,71009,614,491,RGB,JPEG
Yes/IMG_0267.jpeg,IMG_0267.jpeg,Yes,1,11b419b7f0195c67356ec079bcb02b1457c8a0482dfcc9e537be0653e8582abf,29803,263,355,RGB,JPEG
Yes/IMG_0268.jpeg,IMG_0268.jpeg,Yes,1,76f742b972acbd9509c8c14099f146ee556d2db0beabc66feb3e45b4d30e0742,73684,702,491,RGB,JPEG
Yes/IMG_0269.jpeg,IMG_0269.jpeg,Yes,1,2dd7983ccda88502764308fb33b6042e6e6f1c06027218f2aa16377d1f86fb3d,29484,334,275,RGB,JPEG
Yes/IMG_0270.jpeg,IMG_0270.jpeg,Yes,1,6671584593db507e93eecb521987dbcc7a65f00a8bd1e5d3cfbb75de511f3dd0,65378,560,491,RGB,JPEG
Yes/IMG_0271.jpeg,IMG_0271.jpeg,Yes,1,3cbd39505310b34437c5c2bdb88e0da4c303599cca1a8efe71ece0600d9d7d86,65341,579,491,RGB,JPEG
Yes/IMG_0272.jpeg,IMG_0272.jpeg,Yes,1,1ea28a59ed43d3037b4ff24b5d633e80bf6ec11344e602c454c93f25fcafb32e,69394,637,491,RGB,JPEG
Yes/IMG_0273.jpeg,IMG_0273.jpeg,Yes,1,74d09a8447860ee5545d9a363ed5a25b0b2e2288d2949551d460f7f05c84ea56,69716,668,491,RGB,JPEG
Yes/IMG_0274.jpeg,IMG_0274.jpeg,Yes,1,4ca995ba44832f6bf38e03b9520cfa9c3d66f07fabc9b8bb649fca3ebe445d75,40353,358,397,RGB,JPEG
Yes/IMG_0275.jpeg,IMG_0275.jpeg,Yes,1,316f950ccf8f54a38ff92b34c84ba0845cfadff090b55ad8138408c6340b2217,37754,386,305,RGB,JPEG
Yes/IMG_0276.jpeg,IMG_0276.jpeg,Yes,1,a4dc76fcf9a15b0a4b221eaaedca51b08e7d1508fc214a16d82e837e0af4f4aa,77419,622,491,RGB,JPEG
Yes/IMG_0277.jpeg,IMG_0277.jpeg,Yes,1,77c8c8be2c5139a86540714e297542745ee6aa4c8230a6f34e984ad3327bebac,76723,637,491,RGB,JPEG
Yes/IMG_0278.jpeg,IMG_0278.jpeg,Yes,1,9495623f40584c021d9fc5c8f9eba084415616d49376de5f836229eba085c46e,81473,664,491,RGB,JPEG
Yes/IMG_0279.jpeg,IMG_0279.jpeg,Yes,1,0d24dfcb789e52fb60f9509fb56567f494ba9cb489333bb698718549336667b0,79160,725,491,RGB,JPEG
Yes/IMG_0280.jpeg,IMG_0280.jpeg,Yes,1,ba68abc78f5721c84d6d286581d716dff238119c262b564537e9aa47c8bdba3d,93752,791,491,RGB,JPEG
Yes/IMG_0281.jpeg,IMG_0281.jpeg,Yes,1,0083faa3f12bee061546cec3ac9b02df31cd589db139894597c77e8df3fd71ed,92577,779,491,RGB,JPEG
Yes/IMG_0282.jpeg,IMG_0282.jpeg,Yes,1,1a749333305381d8cafba2af9ba3d0f999f4a27318aa78169948bbb835ff93a4,66000,499,491,RGB,JPEG
Yes/IMG_0283.jpeg,IMG_0283.jpeg,Yes,1,c0360391a4ac074317e65dc8552e7d048fd6ea13b5a27475504b93d7a4275b99,82051,710,491,RGB,JPEG
Yes/IMG_0284.jpeg,IMG_0284.jpeg,Yes,1,566b969d7581a1500aa8f38bcbf9339819b6534694fba1b37d6e49768c2f0907,102896,798,559,RGB,JPEG
Yes/IMG_0285.jpeg,IMG_0285.jpeg,Yes,1,69c01145eb28ad7a1fd4a874e87c2860afd459588816ded31d9425b8b95faeb3,76247,675,491,RGB,JPEG
Yes/IMG_0286.jpeg,IMG_0286.jpeg,Yes,1,ac4d70f72618d4f8ddc218513bf449a079122a621e284fd6480bca1061f050e5,81291,599,580,RGB,JPEG
Yes/IMG_0287.jpeg,IMG_0287.jpeg,Yes,1,1492ef0cbdd0cf2b09cac11f11ab0c68785836cdcb67a3b5a362f487c4e82b89,177769,902,977,RGB,JPEG
Yes/IMG_0288.jpeg,IMG_0288.jpeg,Yes,1,392b9c2b8122102729f6cf93699c7ac6db17ef6f3fd1637ec0308fd80fdac185,112998,956,605,RGB,JPEG
Yes/IMG_0289.jpeg,IMG_0289.jpeg,Yes,1,718817d1fa2eac5c1babdfdcdc85e701f7ee64c72cf77919708723b0e14fa967,59517,472,553,RGB,JPEG
Yes/IMG_0290.jpeg,IMG_0290.jpeg,Yes,1,c6ead96a6977abcfbfa37c76f798299ed4ed54e94816a5468ac35c5dde781bff,48462,415,453,RGB,JPEG
Yes/IMG_0291.jpeg,IMG_0291.jpeg,Yes,1,92ef00fcbcc540017955261031d14ed5fbea7a857f7342a049cb39d57b141557,91486,587,651,RGB,JPEG
Yes/IMG_0292.jpeg,IMG_0292.jpeg,Yes,1,358c29b0eb6f2027b1edaef5a17667b0741dc6acd5d7068565280e087b4e8387,122282,702,831,RGB,JPEG
Yes/IMG_0293.jpeg,IMG_0293.jpeg,Yes,1,bd20b8ed68e17014564da9bd90abdced51366224569ae19f0bfa371c66cf9edf,89682,520,736,RGB,JPEG
Yes/IMG_0294.jpeg,IMG_0294.jpeg,Yes,1,a64515550a4fed37e38278ae35bf0123696f09fd19826ac2a6a2d82616b3c588,109570,635,772,RGB,JPEG
Yes/IMG_0295.jpeg,IMG_0295.jpeg,Yes,1,7ea5c93d68d7f8202465686a7d8f40b7c1ee6907022290305be2a965e52b88d7,61055,412,606,RGB,JPEG
Yes/IMG_0296.jpeg,IMG_0296.jpeg,Yes,1,5ccf60fd206daa6d2c6559e666230c2fdf796c0ec8ad65d4c52e028175647b17,79862,494,686,RGB,JPEG
Yes/IMG_0297.jpeg,IMG_0297.jpeg,Yes,1,4d153126f1307416f099ecde7806f5824fb879665a724818d7da5e599971d7d4,41753,295,578,RGB,JPEG
Yes/IMG_0298.jpeg,IMG_0298.jpeg,Yes,1,529366440ebf680954031eccfd5c4dab2706e4a3b098de51094f7d3ff39824ac,32225,266,439,RGB,JPEG
Yes/IMG_0299.jpeg,IMG_0299.jpeg,Yes,1,0853e4e8b2ff62a9c8c7a767faad4d93727f4d01b32e0d3d89f2d48909d636ba,81848,475,758,RGB,JPEG
Yes/IMG_0300.jpeg,IMG_0300.jpeg,Yes,1,dc907f2c6dad691e36a973841b975e7ee387c476deec111d89f6dce3fda06292,64435,331,746,RGB,JPEG
Yes/IMG_0301.jpeg,IMG_0301.jpeg,Yes,1,fd47f7413bf1f4342ab8c36da1c1dec4d31cb22d0fda814526bb50e112550282,63076,485,469,RGB,JPEG
Yes/IMG_0302.jpeg,IMG_0302.jpeg,Yes,1,53a66ac9d4c1a375260d922424fd350a9fff4a0c3f29d292e7bb506c1c630499,28406,245,410,RGB,JPEG
Yes/IMG_0303.jpeg,IMG_0303.jpeg,Yes,1,dfb5d0d4daae065f3752b3153a41a212c34b98af09503d63a50039f7ef6bb082,32953,295,410,RGB,JPEG
Yes/IMG_0304.jpeg,IMG_0304.jpeg,Yes,1,cf7e9c029159ba4702435d13bf0ae4acbfb794c71eb84e0d5c4fd45e897ed285,32695,356,314,RGB,JPEG
Yes/IMG_0305.jpeg,IMG_0305.jpeg,Yes,1,885e68b4c850ff3798e3290473bc5843622c8ad78e0de154208bdaf5c745b76d,69900,649,492,RGB,JPEG
Yes/IMG_0306.jpeg,IMG_0306.jpeg,Yes,1,432087a345110e98a746e2909d55b51ac9ce2ade1fb361ba303c5d5ac333472e,67211,602,491,RGB,JPEG
Yes/IMG_0307.jpeg,IMG_0307.jpeg,Yes,1,6330c50e75cfd4a738defea4f46aeaf6c8bc2d61fee707c45a533776bc8bb5d2,70074,660,491,RGB,JPEG
Yes/IMG_0308.jpeg,IMG_0308.jpeg,Yes,1,5beed34da82f181752cb3dda0eb361e0096991c650694c0b6fcef164a4e706c9,47144,508,362,RGB,JPEG
Yes/IMG_0309.jpeg,IMG_0309.jpeg,Yes,1,4d7d7c45e0148a794e0c7ee066253a1b31fad74c8c51dbd415373ebfc5346a27,57995,491,491,RGB,JPEG
Yes/IMG_0310.jpeg,IMG_0310.jpeg,Yes,1,e45b674ee7cec47f04e5f4a4512a815b3a9ca1c2bada23ba245256ac3a821e7e,37625,315,405,RGB,JPEG
Yes/IMG_0311.jpeg,IMG_0311.jpeg,Yes,1,0ec3a5e09449b1bdba01103a362e6771de8150729870b2caeb576d3ddfe72357,44900,376,433,RGB,JPEG
Yes/IMG_0312.jpeg,IMG_0312.jpeg,Yes,1,cd39a843b73bb7fc0d23bfd4af7e9d6e5e2b539d4c8cdc8b1f62ebd240042272,42656,460,345,RGB,JPEG
Yes/IMG_0313.jpeg,IMG_0313.jpeg,Yes,1,841f6262aeb2c23425ca99800eba770b8841cede4909fa8742f4091654e5cdd3,42807,375,379,RGB,JPEG
Yes/IMG_0314.jpeg,IMG_0314.jpeg,Yes,1,301b52e9572a800d28a50d7920d5dc77fbd0241cdf57430a85ebfaa1c20ead90,43932,431,398,RGB,JPEG
Yes/IMG_0315.jpeg,IMG_0315.jpeg,Yes,1,5ec12346a1daa63c00c054ab52c522ce5633cb3e5a8bf9285bb900eb07d0248c,44259,502,355,RGB,JPEG
Yes/IMG_0316.jpeg,IMG_0316.jpeg,Yes,1,bd9948aec667ab58ed63de3452d834fc41fe9c8ae0b0214eaf7b1099e0573130,32981,370,331,RGB,JPEG
Yes/IMG_0317.jpeg,IMG_0317.jpeg,Yes,1,b31495f120f55585032434112907ac659be23aeb6b26d820b26991c94265f0e5,41485,417,415,RGB,JPEG
Yes/IMG_0318.jpeg,IMG_0318.jpeg,Yes,1,75b6f1871d1e9e08d05035f32634f30cfcd7856b5e4dae02ec065312b8d05222,33092,297,336,RGB,JPEG
Yes/IMG_0319.jpeg,IMG_0319.jpeg,Yes,1,896f710fb3c35727e21dd6b277914d5587db0059e70687e1602f1f19d8659097,28888,272,317,RGB,JPEG
Yes/IMG_0320.jpeg,IMG_0320.jpeg,Yes,1,a7f73ab0f5ea97ce4487498599e671cf560e53043b2027eb06f7773abdb39def,30163,253,330,RGB,JPEG
Yes/IMG_0321.jpeg,IMG_0321.jpeg,Yes,1,fe7fef4d1de605d7150a87c4098a489696876045c6b2bec56eefff32297208a2,35777,361,303,RGB,JPEG
Yes/IMG_0322.jpeg,IMG_0322.jpeg,Yes,1,1c1511261e1689ab6843cd01638d64fcd36a6177318fba2569a1992f61ec3911,50152,554,337,RGB,JPEG
Yes/IMG_0323.jpeg,IMG_0323.jpeg,Yes,1,eb221b1b437d7ebfe33f02ac4095e6a11f7779c1053a26b5d9e604f02903ffe1,45852,402,375,RGB,JPEG
Yes/IMG_0324.jpeg,IMG_0324.jpeg,Yes,1,289d0dc3ebc0ac47d939ec4cb2892f8deebe78f32f6294e98734f0fc4c3dd41b,41179,308,484,RGB,JPEG
Yes/IMG_0325.jpeg,IMG_0325.jpeg,Yes,1,aba83e3c227809f647aade2d7299d1ca7cba5f7ca15a494ec065a2d1999a0f6e,44887,299,507,RGB,JPEG
Yes/IMG_0326.jpeg,IMG_0326.jpeg,Yes,1,0af0f57b5940bbf4f2e84f4ec6dac1c90b812a30358aa6f42c0686882c04b9f2,40732,299,435,RGB,JPEG
Yes/IMG_0327.jpeg,IMG_0327.jpeg,Yes,1,2b6d123d568c97bed057d919bec6ec1ba42f518120abac16355536f0da628d04,47839,341,456,RGB,JPEG
Yes/IMG_0328.jpeg,IMG_0328.jpeg,Yes,1,8f1c178a45b652bdb366b9892066b45bcc657fff5453580795e475c2c9976aea,36273,304,449,RGB,JPEG
Yes/IMG_0329.jpeg,IMG_0329.jpeg,Yes,1,047f914615cbbb8b1b770df8556c368307930c300a3245fbaa4d3d1bd3f0a9b2,52441,398,490,RGB,JPEG
Yes/IMG_0367.jpeg,IMG_0367.jpeg,Yes,1,74174733a36d958bb76f876ad0048b81ca6b332b1341d5466402828d9573586c,86114,587,705,RGB,JPEG
Yes/IMG_0368.jpeg,IMG_0368.jpeg,Yes,1,c39be75df3aa82412d90b7ab03173f47a85064c4576d9d3559e2bbb859640430,62912,491,586,RGB,JPEG
Yes/IMG_0369.jpeg,IMG_0369.jpeg,Yes,1,d83c0d967ef01bdef67fed72193cba19747f4963888063dbc42c83dba99c6447,85288,660,601,RGB,JPEG
Yes/IMG_0370.jpeg,IMG_0370.jpeg,Yes,1,b0daea7447183486f66e6408d77c81feb77f5c0b3c5e66fd83671d8abe9ea1cf,91907,833,521,RGB,JPEG
Yes/IMG_0371.jpeg,IMG_0371.jpeg,Yes,1,5ac9927407a44e1495afb7b97c5ebe03aca9cbce0140bdb084341cfeaf1c9979,75843,652,526,RGB,JPEG
Yes/IMG_0372.jpeg,IMG_0372.jpeg,Yes,1,215b27e1c3a43d11f73219f55b683fea7eb646a0d6e59f335fb1941b19a7b039,110634,798,620,RGB,JPEG
Yes/IMG_0373.jpeg,IMG_0373.jpeg,Yes,1,4f8a028e236c289eabce311dff3dcdaba696bdf933cf66cb13fdf9286cfeb471,87532,498,731,RGB,JPEG
Yes/IMG_0374.jpeg,IMG_0374.jpeg,Yes,1,d1cd4a32722703626ef180a1ff3fb18c79d0c3f2e5e44d3f9a51ec66b7735a5f,57333,434,491,RGB,JPEG
Yes/IMG_0375.jpeg,IMG_0375.jpeg,Yes,1,fdbfc82b0cf2dc3990705caea1f9adaa7777f1bdeedd605fe4caa7cb02029f43,84183,603,659,RGB,JPEG
Yes/IMG_0376.jpeg,IMG_0376.jpeg,Yes,1,6f9b83b11046d9b988204059a2fcd7d85cd6c52f0ddaa383746bf8581a85b962,90997,599,697,RGB,JPEG
Yes/IMG_0377.jpeg,IMG_0377.jpeg,Yes,1,307387961b42b36e941a87c7fb1d57e087c0483f29ec4d66e4b30527734f96c5,70056,492,640,RGB,JPEG
Yes/IMG_0378.jpeg,IMG_0378.jpeg,Yes,1,ac7459d46e1a3118e4f6ef9fa72c11706a482352ea7002e07fde7dcd3e82f01c,70477,491,636,RGB,JPEG
Yes/IMG_0379.jpeg,IMG_0379.jpeg,Yes,1,eab7632e839fc05fc78355d4ece685f008433bb239d741c51a46097771f18f4a,63059,491,551,RGB,JPEG
Yes/IMG_0380.jpeg,IMG_0380.jpeg,Yes,1,0662532cee88219965ee5f2818ae37407db15894a155e893fcd2c6d699bcafc9,74847,533,582,RGB,JPEG
Yes/IMG_0381.jpeg,IMG_0381.jpeg,Yes,1,06a61b773751df14eca241c38b3864e2d78fb9e59987b1a32b870a09cb60a5eb,80245,752,491,RGB,JPEG
Yes/IMG_0383.jpeg,IMG_0383.jpeg,Yes,1,8db72ce4a259055311e5934282a2d4ab0f63c98dd91d4fd63989dbd9f92a3aec,83480,565,697,RGB,JPEG
Yes/IMG_0384.jpeg,IMG_0384.jpeg,Yes,1,bd346155937e6436548e242f1d59dc7f505bd00a36ac1fc90c180e40dd275fde,82726,741,491,RGB,JPEG
Yes/IMG_0385.jpeg,IMG_0385.jpeg,Yes,1,89b3ba7474135666c0e8c4d552d465cc1370c93585a1f52e42f5d2f3d968b30d,34134,491,272,RGB,JPEG
Yes/IMG_0386.jpeg,IMG_0386.jpeg,Yes,1,1798b7b554c16fb1294006b60ed78c5a210fc7c948e5762fae83961563eff2b0,50063,491,432,RGB,JPEG
Yes/IMG_0387.jpeg,IMG_0387.jpeg,Yes,1,c28e41bc8575b9965c68fd1bbd549748a80b79fbd911276a1ad92157c5104d22,33755,270,367,RGB,JPEG
Yes/IMG_0388.jpeg,IMG_0388.jpeg,Yes,1,402c188ee7f90cdba4a46fe322705ea7af34b290f8d193a21c5c33381a37efca,31484,229,484,RGB,JPEG
Yes/IMG_0389.jpeg,IMG_0389.jpeg,Yes,1,7ca7537885de4b4ddeace5d1367633e891a05ee5c8acf99f759c7808179a0bf8,30007,210,357,RGB,JPEG
Yes/IMG_0390.jpeg,IMG_0390.jpeg,Yes,1,886d1c9768d3900fe1fa26f6cb99abc9cbd93e334f3ba4c26fc56eab678f83be,32419,219,505,RGB,JPEG
Yes/IMG_0391.jpeg,IMG_0391.jpeg,Yes,1,8a3023aea9a854be4e29dc51755c849ae34bc8bd27b51c129f0dd34259f9ffc5,61464,491,491,RGB,JPEG
Yes/IMG_0392.jpeg,IMG_0392.jpeg,Yes,1,44abafaa3b5e1f3761e621ad3c2fc232cc558d458c6f750a093de2911b8faa99,61011,473,491,RGB,JPEG
Yes/IMG_0393.jpeg,IMG_0393.jpeg,Yes,1,57b2b38294a4143ebd30ae4c9465049984023e29043d80e98b35db2b25011a8e,53360,392,538,RGB,JPEG
Yes/IMG_0394.jpeg,IMG_0394.jpeg,Yes,1,79d7d88215c9b3ce341be1b71402798e5e2ec4e96e0e8c332b4a8a6dd5dc43d7,48385,416,467,RGB,JPEG
Yes/IMG_0395.jpeg,IMG_0395.jpeg,Yes,1,139abbb6a68e850e910af504f931d9905226a3bce6b49a19e843168668251e20,63300,572,491,RGB,JPEG
Yes/IMG_0396.jpeg,IMG_0396.jpeg,Yes,1,3426d1542d571f10e238758e42565fea3f0fa3febcf481fae09b4d2722fa1c13,63162,530,492,RGB,JPEG
Yes/IMG_0397.jpeg,IMG_0397.jpeg,Yes,1,191408f9e0afe94b802187f893dd98ef4d411a3e6222b1e3f35a4d64b9e4fc38,54177,491,491,RGB,JPEG
Yes/IMG_0398.jpeg,IMG_0398.jpeg,Yes,1,25600d044c642d528f89421533542723426fc90dc1be914cb119b9fbb01e2238,60407,491,491,RGB,JPEG
Yes/IMG_0399.jpeg,IMG_0399.jpeg,Yes,1,5ffed3d1dc17be90bda2c946c258eda98b64f164df9383a768de02d2c54243d4,23073,187,297,RGB,JPEG
Yes/IMG_0400.jpeg,IMG_0400.jpeg,Yes,1,901499231080d2d24877ada00ec4222f9ace8f71ef36d60db36a3e87dc473f61,35634,265,491,RGB,JPEG
Yes/IMG_0401.jpeg,IMG_0401.jpeg,Yes,1,93e57028f7509104466860733ff61baa0e86d813ee50e727b1bbc367ed4f1801,44658,336,547,RGB,JPEG
Yes/IMG_20231216_131434_364.jpg,IMG_20231216_131434_364.jpg,Yes,1,1942d3f0a58f533c67da24c69c7f81a270c9da55a75f57c1c515f16feaaec52b,13176,176,167,RGB,JPEG
Yes/IMG_20231216_131434_365.jpg,IMG_20231216_131434_365.jpg,Yes,1,dcd92ab5d13b0af97122c2d5fb62da6c31ce31f967fb057426b04313e2a29434,10408,162,129,RGB,JPEG
Yes/IMG_20231216_131434_366.jpg,IMG_20231216_131434_366.jpg,Yes,1,3aef7bb3bc838de68e46dcb847a1ab03125b5df2e3bd2984c6a43487fa3560a4,10358,129,158,RGB,JPEG
Yes/IMG_20231216_131434_367.jpg,IMG_20231216_131434_367.jpg,Yes,1,3469e5ee8dff9b563324b47f734742868b270d899181b94ef66d7553ea03ba25,9715,129,142,RGB,JPEG
Yes/IMG_20231216_131434_368.jpg,IMG_20231216_131434_368.jpg,Yes,1,cb0744296a2ff57beb8c2b205c9220467da24f3b873463e693a8abbb86f07129,10843,140,142,RGB,JPEG
Yes/IMG_20231216_131434_369.jpg,IMG_20231216_131434_369.jpg,Yes,1,070cb8fa7bdbe0241455d6ffc3794cd89a368f179f08a86489b9c0937472fa6c,12817,182,129,RGB,JPEG
Yes/IMG_20231216_131434_370.jpg,IMG_20231216_131434_370.jpg,Yes,1,ec8210face3806aad921245207b6fb2dcce5afc5d0df1c2cb806816a36e9caff,9245,129,129,RGB,JPEG
Yes/IMG_20231216_131700_930.jpg,IMG_20231216_131700_930.jpg,Yes,1,41347103900fb1d504e7bfab93db8e7996926405f9e678c05e52663e29860a5a,11003,155,130,RGB,JPEG
Yes/IMG_20231216_131700_931.jpg,IMG_20231216_131700_931.jpg,Yes,1,5d595c3d50220c5d11e598ec84a9b70f669468b81b037cd8bc25181c4811547e,13036,161,151,RGB,JPEG
Yes/IMG_20231216_131700_932.jpg,IMG_20231216_131700_932.jpg,Yes,1,f329225fe9c72ec7cdc3e8d220ff30aced61f2e8a9f06e779947ce7fc4991030,10534,130,129,RGB,JPEG
Yes/IMG_20231216_133143_621.jpg,IMG_20231216_133143_621.jpg,Yes,1,0baeffe56ce247b692233455eed72c65673fce7e56bb4992bb36dec54d3d83c8,18846,200,184,RGB,JPEG
Yes/IMG_20231216_133143_622.jpg,IMG_20231216_133143_622.jpg,Yes,1,3eb1a7baf162cb5af5ac205965b9a498dbee23928328acf4a227821c6b1245b3,17320,184,173,RGB,JPEG
Yes/IMG_20231216_133143_623.jpg,IMG_20231216_133143_623.jpg,Yes,1,bbfe98de0462c11066d25c077959263dc516334581c8617e23286d225d85074b,16973,172,182,RGB,JPEG
Yes/IMG_20231216_133143_624.jpg,IMG_20231216_133143_624.jpg,Yes,1,e7677fda21de6fc8dacf973b0ddd43d1534f99e7a60313ee88704b781baa17a9,19092,188,193,RGB,JPEG
Yes/IMG_20231216_133143_625.jpg,IMG_20231216_133143_625.jpg,Yes,1,7aa6e19c2ccc28f50ae0caf7e355d26269aa982d3b4633d870bacadfaf7b2330,15462,176,172,RGB,JPEG
Yes/IMG_20231216_133143_626.jpg,IMG_20231216_133143_626.jpg,Yes,1,d755c6f6a38787ed47dd5212b7b457861ae79646c9545a792e1df958a722f24a,16242,173,172,RGB,JPEG
Yes/IMG_20231216_133143_627.jpg,IMG_20231216_133143_627.jpg,Yes,1,b7b4c9dc5cb62127dc52a1edfd8ec30a76ed8de645f51eded3993a107e9acaad,20986,224,173,RGB,JPEG
Yes/IMG_20231216_133143_628.jpg,IMG_20231216_133143_628.jpg,Yes,1,2330e626c64582a45f3b0fb77544852897e0e647fee9ba16de51075f75dc7fba,16712,172,172,RGB,JPEG
Yes/IMG_20231216_133143_629.jpg,IMG_20231216_133143_629.jpg,Yes,1,097aa1e9b5343105b401f7e2c80dea4afa5f52414f12cfc845d73e9ec5bb4045,16257,172,172,RGB,JPEG
Yes/IMG_20231216_140321_540.jpg,IMG_20231216_140321_540.jpg,Yes,1,3b8d7d5e75d3c093e11aaf9ca6f26fcc92914dff3ed2c769a06fd1f541260c7d,14452,172,172,RGB,JPEG
Yes/IMG_20231216_140321_541.jpg,IMG_20231216_140321_541.jpg,Yes,1,6d35caacb23f267d170a03bb491749119ff579536ef838653e467f0e4ccbb69e,18061,172,220,RGB,JPEG
Yes/IMG_20231216_140321_542.jpg,IMG_20231216_140321_542.jpg,Yes,1,2a6a345648601902e93c3803e87de32c44ee8105398c41fdf3fa54eeb200da2d,17423,214,172,RGB,JPEG
Yes/IMG_20231216_140321_543.jpg,IMG_20231216_140321_543.jpg,Yes,1,6ba2a4b54fd0f4a01534bd415d296c9b75e49c68c146217e15db89bf18015a8d,17901,213,172,RGB,JPEG
Yes/IMG_20231216_140321_544.jpg,IMG_20231216_140321_544.jpg,Yes,1,3483e9c7f4c5a95fa0330337a4236b2c880e484b809523376718d4cacb6e2e8e,14779,172,172,RGB,JPEG
Yes/IMG_20231216_140321_545.jpg,IMG_20231216_140321_545.jpg,Yes,1,7c7277afd413ba9a7ba2ef4f5f399580357655b94ec04e66dbcc88f35876ed41,16660,173,194,RGB,JPEG
Yes/IMG_20231216_140321_546.jpg,IMG_20231216_140321_546.jpg,Yes,1,37ca92c449f35df88a52c38f4adfde81a01e72db545e40c4752894baef6bb90c,16805,172,196,RGB,JPEG
Yes/IMG_20231216_140321_547.jpg,IMG_20231216_140321_547.jpg,Yes,1,bbd9e62e24a24783ba8dc812cca5d8eec76c6dd63e411893f3ac113127fcb5ed,14441,172,172,RGB,JPEG
Yes/IMG_20231216_140321_548.jpg,IMG_20231216_140321_548.jpg,Yes,1,8bdd5abf6accdfce0eb0c9f60b29dbfe0f3448947502515f533a036029841509,14319,172,172,RGB,JPEG
Yes/IMG_20231216_140321_549.jpg,IMG_20231216_140321_549.jpg,Yes,1,d1d268895f79210d679375aad862e5bd470b6dd0dbf10542001290c833c35095,15140,172,172,RGB,JPEG
Yes/IMG_20231216_140321_550.jpg,IMG_20231216_140321_550.jpg,Yes,1,b03bb9b752409e27ce161c131370746ebc4d4e5d7a49cbb3d2593a640670b061,14961,172,174,RGB,JPEG
Yes/IMG_20231216_140321_551.jpg,IMG_20231216_140321_551.jpg,Yes,1,687cbae31fd33629fe932e1ed63c00eb317afa6c338fee8786ff379b8279c54a,20518,251,172,RGB,JPEG
Yes/IMG_20231216_140321_552.jpg,IMG_20231216_140321_552.jpg,Yes,1,70f343326d1d41a2a4041038e0eff4f4ba3ad89a4d6eb18656be740291a06cb4,14910,172,173,RGB,JPEG
Yes/IMG_20231216_140321_553.jpg,IMG_20231216_140321_553.jpg,Yes,1,cd9ce8ddf4b02f72e3e02f760f2140878e444e26747e411ad6c49f85e8f3eef3,16964,195,172,RGB,JPEG
Yes/IMG_20231216_140321_554.jpg,IMG_20231216_140321_554.jpg,Yes,1,4a0c454be60519468850d3e449e2b9453e65562ddadf856879daef68857509be,16618,172,186,RGB,JPEG
Yes/IMG_20231216_140321_555.jpg,IMG_20231216_140321_555.jpg,Yes,1,4fc89dac387e7ede9f9f643bbc556582e5544eb8fcedceb782f79cb014961d9a,16412,178,172,RGB,JPEG
Yes/IMG_20231216_140321_557.jpg,IMG_20231216_140321_557.jpg,Yes,1,75ef035a5b986ee63609833f354a1c9b2e2377e98e75127e660b3dac31a6b010,12697,125,173,RGB,JPEG
Yes/IMG_20231216_140803_101.jpg,IMG_20231216_140803_101.jpg,Yes,1,efa0c140dd6151fc854e047e8c76f3dcbf59317876214c6030494a42cef6c00d,13580,172,172,RGB,JPEG
Yes/IMG_20231216_140803_102.jpg,IMG_20231216_140803_102.jpg,Yes,1,411a1fa3a22a620f35d99ef739358523232f6ace2355ce301586c2a1311621ef,14035,172,172,RGB,JPEG
Yes/IMG_20231216_140803_103.jpg,IMG_20231216_140803_103.jpg,Yes,1,cdbaf0a8cbe4bbdf9bceebfb981047b1745e419d22a39cd90582704abcb8a2ae,14928,174,173,RGB,JPEG
Yes/IMG_20231216_140803_104.jpg,IMG_20231216_140803_104.jpg,Yes,1,1009077a2aff6a4082d3047fdae0a0ca037326fabb9d7b39754ad67e5626b673,14488,172,172,RGB,JPEG
Yes/IMG_20231216_140803_105.jpg,IMG_20231216_140803_105.jpg,Yes,1,0a0c2d29f6aeb3727823170af1dcb98394b7418627b201702609242c4d22d8e9,16468,202,173,RGB,JPEG
Yes/IMG_20231216_140803_106.jpg,IMG_20231216_140803_106.jpg,Yes,1,a38900d955759589043f0f37d9e599e72f6471a5c10da3ab629d1bd93ba7aff7,11307,185,124,RGB,JPEG
Yes/IMG_20231216_140803_107.jpg,IMG_20231216_140803_107.jpg,Yes,1,924fa87f43cd648d3785016630d484f3cbe8df58f63d1bcd7099665985c11911,12294,190,124,RGB,JPEG
Yes/IMG_20231216_140803_108.jpg,IMG_20231216_140803_108.jpg,Yes,1,9fb44c1e42caa95afc2f0b2dc006e0f64c6beb921e4f5272a9e10bccfc50dac5,9533,144,125,RGB,JPEG
Yes/IMG_20231216_140803_109.jpg,IMG_20231216_140803_109.jpg,Yes,1,f54a99189e85a51ef9fa481c512e6f6ed6298a1cb3088d819fbb1b3237832283,8761,125,125,RGB,JPEG
Yes/IMG_20231216_140803_110.jpg,IMG_20231216_140803_110.jpg,Yes,1,99384e8636f3860d1e80a69df5ab8dcea934997365cc42971a76a885fc39edfb,9365,134,124,RGB,JPEG
Yes/IMG_20231216_140803_111.jpg,IMG_20231216_140803_111.jpg,Yes,1,9e807af4cd6889ae8c68db1a2ab0c692804c83c0066c48209c8c4e42c8fbe5ea,14290,173,172,RGB,JPEG
Yes/IMG_20231216_140803_112.jpg,IMG_20231216_140803_112.jpg,Yes,1,d7966173f77cbb81cd826b778c1d73eb08bd7906aa2ecffbea6b7cfcf95b7206,11802,183,126,RGB,JPEG
Yes/IMG_20231216_140803_113.jpg,IMG_20231216_140803_113.jpg,Yes,1,f73be862417b67f44f1cdf0d989033a4b897d7beea4d2987c2ace56fce4bf00f,11709,173,125,RGB,JPEG
Yes/IMG_20231216_140803_114.jpg,IMG_20231216_140803_114.jpg,Yes,1,3bcab7459e02033d3513123ff75e23d3cf0ea1c0528228c81db1ca4f9343d448,9172,125,125,RGB,JPEG
Yes/IMG_20231216_140803_115.jpg,IMG_20231216_140803_115.jpg,Yes,1,6c7e15900a6e0e173d58f1030c19e8abe3b2f361e943b7e5abac9f2e517d8711,10731,153,125,RGB,JPEG
Yes/IMG_20231216_140803_116.jpg,IMG_20231216_140803_116.jpg,Yes,1,454ea5725a11007ab85f2838113c99ffa22e6f115acabf81345645f42c7532fd,14559,173,173,RGB,JPEG
Yes/IMG_20231216_140803_117.jpg,IMG_20231216_140803_117.jpg,Yes,1,1b36f716ab7b7361dbb3d9e2530d1f768aff2784bc8afca6b7d6d6adeffff791,19074,172,218,RGB,JPEG
Yes/IMG_20231216_140803_118.jpg,IMG_20231216_140803_118.jpg,Yes,1,4b05e030fabc103d0e7716ab9ab86b0cec50d7bd1a5099c38c22f3108cae6a70,19494,172,217,RGB,JPEG
Yes/IMG_20231216_140803_119.jpg,IMG_20231216_140803_119.jpg,Yes,1,77593412dc800b1c0e7b2ed227c627327709726e3301b8c1d2a424b0aa02aa74,17752,198,172,RGB,JPEG
Yes/WhatsApp Image 2024-02-13 at 3.52.10 PM.jpeg,WhatsApp Image 2024-02-13 at 3.52.10 PM.jpeg,Yes,1,4905537810f2c44900cabfe32093e127d1264aebdb087f1a257e70d3828b9610,23526,348,1024,RGB,JPEG
No/1 (1).jpeg,1 (1).jpeg,No,0,a963d4023962702a8ccd9533ed4695123e1cdb94bacf1a2d6c14070a8ab78d44,204244,1028,938,RGB,JPEG
No/1 (10).jpeg,1 (10).jpeg,No,0,2bb37760d288c2db46c464ca04890d30df03271054402a27e1df5c0b05164a80,158646,956,778,RGB,JPEG
No/1 (2).jpeg,1 (2).jpeg,No,0,bd0ea3affb93a9ecc0f9742b25ae5e2e7584903d79359dc614fa48ac4fa92924,251317,1056,1162,RGB,JPEG
No/1 (3).jpeg,1 (3).jpeg,No,0,ce1bec4820843d50d23f76f9a7d4fa7c23fc2447335b3b7e0c646cc958d5d649,200380,994,1135,RGB,JPEG
No/1 (4).jpeg,1 (4).jpeg,No,0,0c435baf912720cd345852cc41344b7c478e61a6ee112fc50144d86c3bc82fd8,208580,799,1162,RGB,JPEG
No/1 (5).jpeg,1 (5).jpeg,No,0,63c6e614629b36753380a7833dc33f2b56ebbd76a23db5e455450aeb0d603e0a,135181,679,897,RGB,JPEG
No/1 (8).jpeg,1 (8).jpeg,No,0,97ce06cf854b96f5cfec35502b536425cdd4050217c4855ff175463bb1264852,189858,925,943,RGB,JPEG
No/1 (9).jpeg,1 (9).jpeg,No,0,8df617dc9702b07bc5da3fb0eb587ecde15be4ba68f70e107b6e32f461cc5035,113301,549,1027,RGB,JPEG
No/10 (1).jpeg,10 (1).jpeg,No,0,4cb5b829fa15053c9b5de56793ab37eb95f3931c1ee8d15e5921ad5492a50e3b,21394,146,588,RGB,JPEG
No/10 (11).jpeg,10 (11).jpeg,No,0,e152ac452125c4f9ab0cee98cb6568f7d77afa0ab0e4e032f8329fc79279c103,27720,211,479,RGB,JPEG
No/10 (12).jpeg,10 (12).jpeg,No,0,0186a1663f86a53937f50b02c1b820f18ddb8db20cb45c7454d850d4b7ebe001,32231,313,346,RGB,JPEG
No/10 (13).jpeg,10 (13).jpeg,No,0,64b49c0d06479cbd5b092d2ef988904b11c15a8a8027aafd55fc8b3df11ae8d6,48226,355,515,RGB,JPEG
No/10 (14).jpeg,10 (14).jpeg,No,0,67de5afb9b5ff82bfa343fd9e477978220ca8a138ba29247e643e8991dad2b68,24388,196,462,RGB,JPEG
No/10 (15).jpeg,10 (15).jpeg,No,0,18c618918716fc1a8644cee53f7cec646ddbb87a7b9e391bc4cc800f25e4394b,20923,140,526,RGB,JPEG
No/10 (16).jpeg,10 (16).jpeg,No,0,be408e479ba2395865f80dda3bfb5a3d2750065134242affbd7454a50c7cca4c,38787,282,620,RGB,JPEG
No/10 (17).jpeg,10 (17).jpeg,No,0,a38bee435f3c1b92e6a73fc00610d1eb89665b85e004cf772e7eb2693707a0b9,20278,148,453,RGB,JPEG
No/10 (18).jpeg,10 (18).jpeg,No,0,dd34215a36edbdd33d100e533a02a6b3dd07ef9160d4f52be903851e3dbc4022,15897,119,169,RGB,JPEG
No/10 (2).jpeg,10 (2).jpeg,No,0,a89f6d431c1e8f9880c4fd1c44cd130ff6dad5c5ff175e3ff161e3e434ec17ea,48617,338,649,RGB,JPEG
No/10 (21).jpeg,10 (21).jpeg,No,0,b1efba2d003622246a5fa18e1ec21840deb20f58cba60c916cc8f768d8e7d08e,75242,491,693,RGB,JPEG
No/10 (22).jpeg,10 (22).jpeg,No,0,58232ee2c3bcf299415690ccba7621e9876db8aacbb22615e0677ecf6f6a9ef7,74330,545,766,RGB,JPEG
No/10 (23).jpeg,10 (23).jpeg,No,0,7d39de75852651473e8de883f0b4f064da8a94a9703670ab1af49d261f4c5d92,69591,491,701,RGB,JPEG
No/10 (24).jpeg,10 (24).jpeg,No,0,1ea614f0e8d7c9070d21230ca4ed39986f48105ddffc495e1e923c59404fbfaf,73777,729,491,RGB,JPEG
No/10 (25).jpeg,10 (25).jpeg,No,0,d88309043aa032b4db80dba11d99a33c2ec5cc04a287b22d0e7dde752be40411,81523,714,532,RGB,JPEG
No/10 (26).jpeg,10 (26).jpeg,No,0,ab61c38755340009d0c8c02dc83c0a6f53a77f7229f0dbaabe249bd5a1ba30a2,71433,664,491,RGB,JPEG
No/10 (27).jpeg,10 (27).jpeg,No,0,df9f2ab45306d33a4e2d0c7149524274ef2ea8b49b8ab134af850688013d8e70,74886,492,736,RGB,JPEG
No/10 (28).jpeg,10 (28).jpeg,No,0,b8bcf90d709432b5a0554d8ab8a5e5cdee0ec2a62a1e2b51f7ce1a1044401c59,67551,491,643,RGB,JPEG
No/10 (3).jpeg,10 (3).jpeg,No,0,c2023680afb9d1133573d217b00075788b18e6a55d0044ab455f315e7f5f6277,23958,239,369,RGB,JPEG
No/10 (31).jpeg,10 (31).jpeg,No,0,16d0f6794508e22eeb52a5d66279993f6f10b33576ffb2f583da361ea63a29a4,52461,471,481,RGB,JPEG
No/10 (32).jpeg,10 (32).jpeg,No,0,6a571020bff3675a841cb45ee8a502615ed0257b71eab5e18bf31c9ba2f38d54,32731,324,345,RGB,JPEG
No/10 (33).jpeg,10 (33).jpeg,No,0,7675b62e577fd6099981244baaf360876e4354a3bad9897b988c7df8c3176cf3,15982,141,230,RGB,JPEG
No/10 (34).jpeg,10 (34).jpeg,No,0,9d9fd53c3e0c6ab0205c2890398c4946ff90cfc1d0ed35b3ff5452fe5c4df65d,17925,144,349,RGB,JPEG
No/10 (35).jpeg,10 (35).jpeg,No,0,a6bd3e4be1bd068a0e33b7bc747d7d9201755b463b5b0a69b6c62cf3c9bbddf0,28595,240,494,RGB,JPEG
No/10 (36).jpeg,10 (36).jpeg,No,0,c70f3995fc83e7598d8da5aac0281e016fd95df1d3c457fb08a45e5020d7bc6a,14124,128,251,RGB,JPEG
No/10 (37).jpeg,10 (37).jpeg,No,0,07853271bad6725cb4d88878f86bb5eaf091acccd3a13d47fb054cd0bb86c2ac,25330,193,374,RGB,JPEG
No/10 (4).jpeg,10 (4).jpeg,No,0,303f01a526ae84353dc79f9dd8e88df0a961f6218854b355fe2ac79734b22a68,18752,187,256,RGB,JPEG
No/10 (5).jpeg,10 (5).jpeg,No,0,f7dca24ef959ee86de8b97b1400f5ad2fc3e75a38ba22b8bed326b4c116519ad,73160,541,624,RGB,JPEG
No/10 (6).jpeg,10 (6).jpeg,No,0,c883d796ac1af435f9d42334aba772c764a9d95b2181bb98bcff8e49b1baf1c8,30501,241,491,RGB,JPEG
No/10 (7).jpeg,10 (7).jpeg,No,0,d0eb9705f29dbc309b86a9b725bc608617b1d1af412714c1379e41660bdcf3cb,24662,231,361,RGB,JPEG
No/10 (8).jpeg,10 (8).jpeg,No,0,b5d6d3fd809ae8476699d4c5171175c98ddef78ba79f5478ffd49932f51e008a,29334,246,437,RGB,JPEG
No/11 (1).jpeg,11 (1).jpeg,No,0,4a60958ef34b3195117b8051d6f93945e91a98577ce13ee0544cf697ba834ba4,66336,656,547,RGB,JPEG
No/11 (10).jpeg,11 (10).jpeg,No,0,80b4846f3c1915705809d5d6533a86b725d445054e6e7fc03ee85a7d62f215f9,50235,503,509,RGB,JPEG
No/11 (11).jpeg,11 (11).jpeg,No,0,364050a2a9fdd68e188f8336feb747a3da710fec7e790ff6dbd634496793a76b,51965,576,492,RGB,JPEG
No/11 (14).jpeg,11 (14).jpeg,No,0,d0a040316d6e6200a3cbaa6e22f2fd4a3d2b7232f5f39d14c51a079063f38807,59478,582,535,RGB,JPEG
No/11 (15).jpeg,11 (15).jpeg,No,0,da10d57e67c48a363dc2cfeae7307bf1c61c839bece7dace4beaabf9feebaa74,62609,560,528,RGB,JPEG
No/11 (16).jpeg,11 (16).jpeg,No,0,f24322f0e9e682bdddc79bcd8c3bea63e03cb89045700fd9ef4eb3fd7a01e745,61317,515,565,RGB,JPEG
No/11 (17).jpeg,11 (17).jpeg,No,0,4326d6872fca976c973b39e5ac7e43e2f4106493a83f2c3675b0d21e94a8d2de,53035,542,467,RGB,JPEG
No/11 (18).jpeg,11 (18).jpeg,No,0,2974660d603842a0d4573e82c981c42b61526e83226b1692aea7d116ab292778,66527,641,491,RGB,JPEG
No/11 (19).jpeg,11 (19).jpeg,No,0,53095df9cabd4f796e1d15f6109cc73aae4e328dfda31c529d17e5acb05f17c0,48569,557,406,RGB,JPEG
No/11 (20).jpeg,11 (20).jpeg,No,0,e6ce5b0167ce9c99a51596d83ba3a96d6c632e37f97ed65ae0ca75cce0e68ba5,69028,741,491,RGB,JPEG
No/11 (34).jpeg,11 (34).jpeg,No,0,6e8a62192639ee1a23639fe82ee151ea9130e9a068c5f65a4a4dec8640141854,49714,491,491,RGB,JPEG
No/11 (4).jpeg,11 (4).jpeg,No,0,6fdbddc397a677abe412f91df5abae64af6e00ad20cf2e63f7edc9465f1a29ae,57585,664,491,RGB,JPEG
No/11 (5).jpeg,11 (5).jpeg,No,0,f6aabeae75556e4f4dd7caf0703472f4dbb916118aa120c5cadef2d358ace2fc,77158,783,491,RGB,JPEG
No/11 (6).jpeg,11 (6).jpeg,No,0,f7017238a998a286223dbd2dcbe00a3d0ada32c45abf409fa45089338d0ab504,46575,499,491,RGB,JPEG
No/11 (7).jpeg,11 (7).jpeg,No,0,e837bf19975f044459ae9a95956093197b346b639bfc409d98601c64d9232db6,46667,491,491,RGB,JPEG
No/11 (8).jpeg,11 (8).jpeg,No,0,7a82af65df498e40ff79ba592b01a2b1006b6bc468c0dfce394cca2bab01c5b0,60869,637,491,RGB,JPEG
No/11 (9).jpeg,11 (9).jpeg,No,0,9d0341f121561288992a0471d1a68f2a430a0cdd1cbd86675dc3a8e5ef7bbe15,53106,537,491,RGB,JPEG
No/12 (10).jpeg,12 (10).jpeg,No,0,c70f3995fc83e7598d8da5aac0281e016fd95df1d3c457fb08a45e5020d7bc6a,14124,128,251,RGB,JPEG
No/12 (11).jpeg,12 (11).jpeg,No,0,07853271bad6725cb4d88878f86bb5eaf091acccd3a13d47fb054cd0bb86c2ac,25330,193,374,RGB,JPEG
No/12 (12).jpeg,12 (12).jpeg,No,0,4cb5b829fa15053c9b5de56793ab37eb95f3931c1ee8d15e5921ad5492a50e3b,21394,146,588,RGB,JPEG
No/12 (13).jpeg,12 (13).jpeg,No,0,a89f6d431c1e8f9880c4fd1c44cd130ff6dad5c5ff175e3ff161e3e434ec17ea,48617,338,649,RGB,JPEG
No/12 (14).jpeg,12 (14).jpeg,No,0,c2023680afb9d1133573d217b00075788b18e6a55d0044ab455f315e7f5f6277,23958,239,369,RGB,JPEG
No/12 (20).jpeg,12 (20).jpeg,No,0,9b4113681f151bcc5e967310e2fc399b6c7867dbfa32ce378621fe79f61274a6,33229,209,560,RGB,JPEG
No/12 (21).jpeg,12 (21).jpeg,No,0,a70b074d9b2cd740d9384414a8ce0e762721fb5ae57a87fda1e9df65c3531edc,26969,259,310,RGB,JPEG
No/12 (22).jpeg,12 (22).jpeg,No,0,e152ac452125c4f9ab0cee98cb6568f7d77afa0ab0e4e032f8329fc79279c103,27720,211,479,RGB,JPEG
No/12 (23).jpeg,12 (23).jpeg,No,0,0186a1663f86a53937f50b02c1b820f18ddb8db20cb45c7454d850d4b7ebe001,32231,313,346,RGB,JPEG
No/12 (24).jpeg,12 (24).jpeg,No,0,64b49c0d06479cbd5b092d2ef988904b11c15a8a8027aafd55fc8b3df11ae8d6,48226,355,515,RGB,JPEG
No/12 (30).jpeg,12 (30).jpeg,No,0,8f9a6694b11d689af79b9261b00a08ed6bcea20b203f7cf2ae122fb3eb983aa2,21055,163,246,RGB,JPEG
No/12 (31).jpeg,12 (31).jpeg,No,0,785d48a6084ddaa05c478a4427ba1686853b68dad2790a4514a7dd97253c1fa5,72481,491,682,RGB,JPEG
No/12 (32).jpeg,12 (32).jpeg,No,0,b1efba2d003622246a5fa18e1ec21840deb20f58cba60c916cc8f768d8e7d08e,75242,491,693,RGB,JPEG
No/12 (33).jpeg,12 (33).jpeg,No,0,58232ee2c3bcf299415690ccba7621e9876db8aacbb22615e0677ecf6f6a9ef7,74330,545,766,RGB,JPEG
No/12 (34).jpeg,12 (34).jpeg,No,0,7d39de75852651473e8de883f0b4f064da8a94a9703670ab1af49d261f4c5d92,69591,491,701,RGB,JPEG
No/12 (9).jpeg,12 (9).jpeg,No,0,a6bd3e4be1bd068a0e33b7bc747d7d9201755b463b5b0a69b6c62cf3c9bbddf0,28595,240,494,RGB,JPEG
No/13 (13).jpg,13 (13).jpg,No,0,ce5767e0f78a5a49f25ee50b80bac9cf90edf097b1cb62f9f699d6122d1a2b0c,8648,131,129,RGB,JPEG
No/13 (14).jpg,13 (14).jpg,No,0,a43edb229c480324cd425344fce86c78e3b3aa662efacf5e1a4c9a8c38f37f53,8765,134,129,RGB,JPEG
No/13 (15).jpg,13 (15).jpg,No,0,b8f14e6617b85a9e734cff4d5eae045f3fd1ea42aaa2a3abd524a8b358d16f02,9416,133,142,RGB,JPEG
No/13 (16).jpg,13 (16).jpg,No,0,7071e0dce1501a0911e0943009d6a9f4462c7025442f15b1f83dc25d6c4a76f5,8576,129,129,RGB,JPEG
No/13 (17).jpg,13 (17).jpg,No,0,f0a2158fe6836bef1fe82e7a6a8807ca384adfd06a527b085c1dfc332273195a,8961,129,130,RGB,JPEG
No/13 (23).jpg,13 (23).jpg,No,0,aef8edfff4f219d458ad4245136fc8dff2edfbb68a781c9611df7a5c499be71d,9223,130,129,RGB,JPEG
No/13 (24).jpg,13 (24).jpg,No,0,fa041c53bda61e48c5af8376507d6b66d481bd98ecaf2020c43737616830dc48,10591,157,129,RGB,JPEG
No/13 (25).jpg,13 (25).jpg,No,0,d562770422de6aa675405f5ab158924b60d4db5f0a2d7ff94304c992af4e5a83,10733,171,129,RGB,JPEG
No/13 (26).jpg,13 (26).jpg,No,0,26b6ad39ed126371c5070e5dd69a28f1a1d8aeaf19358a9a71e10be5ed770b12,9229,141,129,RGB,JPEG
No/13 (27).jpg,13 (27).jpg,No,0,71d8b3431d27df94afe71766d38904251aae9e993788ce3dd0137688392afcd5,9153,130,129,RGB,JPEG
No/13 (3).jpg,13 (3).jpg,No,0,4d2f50274662dc7ebb66c44a7c6dfb5c81dbeaf7ae95173d2c1805aafba26bcf,8797,129,129,RGB,JPEG
No/13 (33).jpg,13 (33).jpg,No,0,45cb463c6bc8cff35efdf429a4a158c2ed8d440cafc27edc7b8af5e1c3041ce0,9919,148,129,RGB,JPEG
No/13 (34).jpg,13 (34).jpg,No,0,7fce49cc6f1031300517d102a4fcd4d5bced7798a06e0ac615c707583f5b3ff9,10015,146,130,RGB,JPEG
No/13 (35).jpg,13 (35).jpg,No,0,63b5ef36a633c90a1f4b831f18a4223534dcc1d2aeaffc01ef0dd2e5689d3288,8893,129,132,RGB,JPEG
No/13 (36).jpg,13 (36).jpg,No,0,1917f257da33edf22d88f8d62fbee1ce772f378fd498f8ddf068b957fb82d6e5,9048,129,130,RGB,JPEG
No/13 (37).jpg,13 (37).jpg,No,0,b5fec1f2d715deab4b8804661639be14a89e887051534609fb7bf9318537910b,12140,177,129,RGB,JPEG
No/13 (4).jpg,13 (4).jpg,No,0,d2b0647d9717cfe1b653e0ed0f198d635b996a744a6e1a4f62d03342a805069e,8962,129,129,RGB,JPEG
No/13 (5).jpg,13 (5).jpg,No,0,efd18b2b4f24e0ed12bfa7f2162f16a088a25c2dc29cbf4a2d98364caccc984f,9870,130,144,RGB,JPEG
No/13 (6).jpg,13 (6).jpg,No,0,d173944f1ca1d9eac039952791ac9a7052b9cb72719969403205ed5b72ef454e,9215,131,129,RGB,JPEG
No/13 (7).jpg,13 (7).jpg,No,0,42298c71c2a06854b1d5a8c81099650bdab23906eb25189d49927b3d319f8a75,9223,129,130,RGB,JPEG
No/14 (10).jpeg,14 (10).jpeg,No,0,a70b074d9b2cd740d9384414a8ce0e762721fb5ae57a87fda1e9df65c3531edc,26969,259,310,RGB,JPEG
No/14 (16).jpeg,14 (16).jpeg,No,0,be408e479ba2395865f80dda3bfb5a3d2750065134242affbd7454a50c7cca4c,38787,282,620,RGB,JPEG
No/14 (17).jpeg,14 (17).jpeg,No,0,a38bee435f3c1b92e6a73fc00610d1eb89665b85e004cf772e7eb2693707a0b9,20278,148,453,RGB,JPEG
No/14 (18).jpeg,14 (18).jpeg,No,0,dd34215a36edbdd33d100e533a02a6b3dd07ef9160d4f52be903851e3dbc4022,15897,119,169,RGB,JPEG
No/14 (19).jpeg,14 (19).jpeg,No,0,8f9a6694b11d689af79b9261b00a08ed6bcea20b203f7cf2ae122fb3eb983aa2,21055,163,246,RGB,JPEG
No/14 (20).jpeg,14 (20).jpeg,No,0,785d48a6084ddaa05c478a4427ba1686853b68dad2790a4514a7dd97253c1fa5,72481,491,682,RGB,JPEG
No/14 (26).jpeg,14 (26).jpeg,No,0,ab61c38755340009d0c8c02dc83c0a6f53a77f7229f0dbaabe249bd5a1ba30a2,71433,664,491,RGB,JPEG
No/14 (27).jpeg,14 (27).jpeg,No,0,df9f2ab45306d33a4e2d0c7149524274ef2ea8b49b8ab134af850688013d8e70,74886,492,736,RGB,JPEG
No/14 (28).jpeg,14 (28).jpeg,No,0,b8bcf90d709432b5a0554d8ab8a5e5cdee0ec2a62a1e2b51f7ce1a1044401c59,67551,491,643,RGB,JPEG
No/14 (29).jpeg,14 (29).jpeg,No,0,d3fd6a432bf4653ebe33fc53ed294220ea6150f21e5c910f1c1cea60263dc6b6,57408,495,494,RGB,JPEG
No/14 (30).jpeg,14 (30).jpeg,No,0,c59521c2a86b96f31504aaeb95ea543eb94bf72a1f954eab2a93489b334e2275,61116,492,571,RGB,JPEG
No/14 (36).jpeg,14 (36).jpeg,No,0,c70f3995fc83e7598d8da5aac0281e016fd95df1d3c457fb08a45e5020d7bc6a,14124,128,251,RGB,JPEG
No/14 (37).jpeg,14 (37).jpeg,No,0,07853271bad6725cb4d88878f86bb5eaf091acccd3a13d47fb054cd0bb86c2ac,25330,193,374,RGB,JPEG
No/14 (6).jpeg,14 (6).jpeg,No,0,c883d796ac1af435f9d42334aba772c764a9d95b2181bb98bcff8e49b1baf1c8,30501,241,491,RGB,JPEG
No/14 (7).jpeg,14 (7).jpeg,No,0,d0eb9705f29dbc309b86a9b725bc608617b1d1af412714c1379e41660bdcf3cb,24662,231,361,RGB,JPEG
No/14 (8).jpeg,14 (8).jpeg,No,0,b5d6d3fd809ae8476699d4c5171175c98ddef78ba79f5478ffd49932f51e008a,29334,246,437,RGB,JPEG
No/14 (9).jpeg,14 (9).jpeg,No,0,9b4113681f151bcc5e967310e2fc399b6c7867dbfa32ce378621fe79f61274a6,33229,209,560,RGB,JPEG
No/2 (1).jpeg,2 (1).jpeg,No,0,8df617dc9702b07bc5da3fb0eb587ecde15be4ba68f70e107b6e32f461cc5035,113301,549,1027,RGB,JPEG
No/2 (10).jpeg,2 (10).jpeg,No,0,97ce06cf854b96f5cfec35502b536425cdd4050217c4855ff175463bb1264852,189858,925,943,RGB,JPEG
No/2 (2).jpeg,2 (2).jpeg,No,0,2bb37760d288c2db46c464ca04890d30df03271054402a27e1df5c0b05164a80,158646,956,778,RGB,JPEG
No/2 (3).jpeg,2 (3).jpeg,No,0,a963d4023962702a8ccd9533ed4695123e1cdb94bacf1a2d6c14070a8ab78d44,204244,1028,938,RGB,JPEG
No/2 (4).jpeg,2 (4).jpeg,No,0,bd0ea3affb93a9ecc0f9742b25ae5e2e7584903d79359dc614fa48ac4fa92924,251317,1056,1162,RGB,JPEG
No/2 (5).jpeg,2 (5).jpeg,No,0,ce1bec4820843d50d23f76f9a7d4fa7c23fc2447335b3b7e0c646cc958d5d649,200380,994,1135,RGB,JPEG
No/2 (8).jpeg,2 (8).jpeg,No,0,2acfa839ba860ced291a267586a80783478c89bc56ae6479bc64e23b6b7c0172,141294,740,854,RGB,JPEG
No/2 (9).jpeg,2 (9).jpeg,No,0,12552ede0ab5b835aa0c2a583ae0072bdea55ea0da6cd428a96d01c8eae3b474,196611,948,939,RGB,JPEG
No/2024-02-04 15.17.18.jpeg,2024-02-04 15.17.18.jpeg,No,0,ebc4c402d3402ab25497583a2e8deff4c0d1cb088af2a385f9877bd4afebe812,71437,825,491,RGB,JPEG
No/2024-02-04 15.17.31.jpeg,2024-02-04 15.17.31.jpeg,No,0,a259920984c90861ab2c23a8f8f5cefd847b4a5274fcc6733242310bd62b7ebc,39849,513,384,RGB,JPEG
No/2024-02-04 15.17.54.jpeg,2024-02-04 15.17.54.jpeg,No,0,b3e869615d0e5fa8221b542902db5adbd445b2fb36d724255525c3eba3a6a0d7,122207,871,567,RGB,JPEG
No/2024-02-04 15.18.15.jpeg,2024-02-04 15.18.15.jpeg,No,0,7ff5835bb4055cdca4dfbdfa65b7990fef1b9fd634ca471b15a55f78d07420e6,36936,467,374,RGB,JPEG
No/2024-02-04 15.18.36.jpeg,2024-02-04 15.18.36.jpeg,No,0,cfc4314ef87ad879b0a73a1cd4bf9ecccfc88e1fbcc381cd3c8a5d1e05d270bc,75436,860,469,RGB,JPEG
No/2024-02-04 15.18.56.jpeg,2024-02-04 15.18.56.jpeg,No,0,725bf6d1c5f1fc6c1b94a5178845a57dc930aaeb7ec4fdc1349d71cea80a43a2,74493,791,517,RGB,JPEG
No/2024-02-04 15.19.13.jpeg,2024-02-04 15.19.13.jpeg,No,0,a26eedda8ecf4e126c8efe266c932a7ecb4c5b609f18857f41bfb0415a64a363,71769,837,491,RGB,JPEG
No/2024-02-04 15.19.31.jpeg,2024-02-04 15.19.31.jpeg,No,0,0a33881ac92d4d8501963def56bac05d6f27d85e5d5bd51b8e7c09357ba6cf4c,41711,494,399,RGB,JPEG
No/2024-02-04 15.19.56.jpeg,2024-02-04 15.19.56.jpeg,No,0,afc03c916d5d6393da1f98be1ae0e72941b6eeb569371a338b685c9e9e41609a,47122,470,461,RGB,JPEG
No/2024-02-04 15.20.21.jpeg,2024-02-04 15.20.21.jpeg,No,0,bea5a242fbe2e118e84e7477f7c8bd5ee9156ec93be7da79bcf9aab0fc37ace8,68589,768,492,RGB,JPEG
No/2024-02-04 15.28.10.jpeg,2024-02-04 15.28.10.jpeg,No,0,23c801a05166f72fcc500eef4ea8ae5a577a25f9587f7cf47929028e98d5eeda,80642,518,716,RGB,JPEG
No/2024-02-04 15.28.25.jpeg,2024-02-04 15.28.25.jpeg,No,0,74b5cf65573917ad6c2622918f9b8593f258302b8f3b5eda5c5102b930ed1e0a,74792,564,670,RGB,JPEG
No/2024-02-04 15.29.18.jpeg,2024-02-04 15.29.18.jpeg,No,0,ea7a98c966c9f12da0287b166edf72eb16bcb4ab2f9ea18c09ee0452b305ce25,53048,518,494,RGB,JPEG
No/2024-02-04 15.29.33.jpeg,2024-02-04 15.29.33.jpeg,No,0,4528dbdf3532b261101b6f592c0bb5cc909dc6b4ce67c19f02cde6e28ae67966,69341,679,589,RGB,JPEG
No/2024-02-04 15.29.48.jpeg,2024-02-04 15.29.48.jpeg,No,0,66fc205e999d1779102ad0be33d70c1ccb9a2e764dec205e01aecf5fa9be3722,68267,706,491,RGB,JPEG
No/2024-02-04 15.30.04.jpeg,2024-02-04 15.30.04.jpeg,No,0,162434ad1c8d34b241d5de1040813974ed3ede1b6642268c869bd8412b59cef4,76457,837,532,RGB,JPEG
No/2024-02-04 15.30.21.jpeg,2024-02-04 15.30.21.jpeg,No,0,31bc692535cab4425c1911e03b03921ff12e7b3c1b7156bef48d0bcecd2645c2,67931,756,513,RGB,JPEG
No/2024-02-04 15.30.41.jpeg,2024-02-04 15.30.41.jpeg,No,0,44c891cbd4c3c34fdfbfb2f148040314121742a04ea1dcccc655c2767697e69d,45286,510,491,RGB,JPEG
No/2024-02-04 15.31.02.jpeg,2024-02-04 15.31.02.jpeg,No,0,c3e05ea8fc7a3fd9be93f37e7dde5964e9f2e4d4ffa049f652fd8b20b65571da,55113,629,491,RGB,JPEG
No/2024-02-04 15.31.17.jpeg,2024-02-04 15.31.17.jpeg,No,0,49410e559f599089246a17b9650af6f92db6f065bd0fab2358b3882eb438e8a9,52349,344,594,RGB,JPEG
No/2024-02-04 15.31.40.jpeg,2024-02-04 15.31.40.jpeg,No,0,6df6c7cc5b2c9fe6538d9753bd822871a572df9ef6b4540d54a79e094fe64aff,56095,530,517,RGB,JPEG
No/2024-02-04 15.31.57.jpeg,2024-02-04 15.31.57.jpeg,No,0,9d97063e65634a2cb0f54e3b9e2e7349e51e294a960ac57150284db59b2c39c4,50652,491,491,RGB,JPEG
No/2024-02-04 15.32.12.jpeg,2024-02-04 15.32.12.jpeg,No,0,6e8a62192639ee1a23639fe82ee151ea9130e9a068c5f65a4a4dec8640141854,49714,491,491,RGB,JPEG
No/2024-02-04 15.32.28.jpeg,2024-02-04 15.32.28.jpeg,No,0,25e955a559b63d3285e8cfcb4b2e761d4c2781b931864880fd31455aabc1ab0f,23456,262,274,RGB,JPEG
No/2024-02-04 15.32.51.jpeg,2024-02-04 15.32.51.jpeg,No,0,96dc2789c9b34d7b63b3544975058ff2d4978d997fb4170ffbb527f1b2c9dcea,49524,491,491,RGB,JPEG
No/2024-02-04 15.33.27.jpeg,2024-02-04 15.33.27.jpeg,No,0,b06234e9b93165a36830d8289629a226216993250715b9061af6800cfc3373c4,24342,236,282,RGB,JPEG
No/2024-02-04 15.33.52.jpeg,2024-02-04 15.33.52.jpeg,No,0,4a60958ef34b3195117b8051d6f93945e91a98577ce13ee0544cf697ba834ba4,66336,656,547,RGB,JPEG
No/2024-02-04 15.34.10.jpeg,2024-02-04 15.34.10.jpeg,No,0,a6144b371bc486674132101ac5e2533f19a348499e4309940cc33dd36ccc064c,62823,572,532,RGB,JPEG
No/2024-02-04 15.34.33.jpeg,2024-02-04 15.34.33.jpeg,No,0,36c3dfeab12627173c5108619954b20462b939883011123f6e625f33d424d5b6,55177,491,551,RGB,JPEG
No/2024-02-04 15.34.55.jpeg,2024-02-04 15.34.55.jpeg,No,0,6fdbddc397a677abe412f91df5abae64af6e00ad20cf2e63f7edc9465f1a29ae,57585,664,491,RGB,JPEG
No/2024-02-04 15.35.14.jpeg,2024-02-04 15.35.14.jpeg,No,0,f6aabeae75556e4f4dd7caf0703472f4dbb916118aa120c5cadef2d358ace2fc,77158,783,491,RGB,JPEG
No/2024-02-04 15.35.32.jpeg,2024-02-04 15.35.32.jpeg,No,0,f7017238a998a286223dbd2dcbe00a3d0ada32c45abf409fa45089338d0ab504,46575,499,491,RGB,JPEG
No/2024-02-04 15.35.49.jpeg,2024-02-04 15.35.49.jpeg,No,0,e837bf19975f044459ae9a95956093197b346b639bfc409d98601c64d9232db6,46667,491,491,RGB,JPEG
No/2024-02-04 15.36.04.jpeg,2024-02-04 15.36.04.jpeg,No,0,7a82af65df498e40ff79ba592b01a2b1006b6bc468c0dfce394cca2bab01c5b0,60869,637,491,RGB,JPEG
No/2024-02-04 15.36.21.jpeg,2024-02-04 15.36.21.jpeg,No,0,9d0341f121561288992a0471d1a68f2a430a0cdd1cbd86675dc3a8e5ef7bbe15,53106,537,491,RGB,JPEG
No/2024-02-04 15.36.41.jpeg,2024-02-04 15.36.41.jpeg,No,0,80b4846f3c1915705809d5d6533a86b725d445054e6e7fc03ee85a7d62f215f9,50235,503,509,RGB,JPEG
No/2024-02-04 15.37.04.jpeg,2024-02-04 15.37.04.jpeg,No,0,364050a2a9fdd68e188f8336feb747a3da710fec7e790ff6dbd634496793a76b,51965,576,492,RGB,JPEG
No/2024-02-04 15.37.21.jpeg,2024-02-04 15.37.21.jpeg,No,0,8fc5756260be782a5d8fb9a44a012005a2c91c01575e7676a6bac77dc1e01edc,51310,537,491,RGB,JPEG
No/2024-02-04 15.37.37.jpeg,2024-02-04 15.37.37.jpeg,No,0,bb507f374d6c2c4367bed840d31c60261f71ddf0340dc95e60c5a9fd8708fbff,44268,491,491,RGB,JPEG
No/2024-02-04 15.37.55.jpeg,2024-02-04 15.37.55.jpeg,No,0,d0a040316d6e6200a3cbaa6e22f2fd4a3d2b7232f5f39d14c51a079063f38807,59478,582,535,RGB,JPEG
No/2024-02-04 15.38.18.jpeg,2024-02-04 15.38.18.jpeg,No,0,da10d57e67c48a363dc2cfeae7307bf1c61c839bece7dace4beaabf9feebaa74,62609,560,528,RGB,JPEG
No/2024-02-04 15.38.36.jpeg,2024-02-04 15.38.36.jpeg,No,0,f24322f0e9e682bdddc79bcd8c3bea63e03cb89045700fd9ef4eb3fd7a01e745,61317,515,565,RGB,JPEG
No/2024-02-04 15.38.54.jpeg,2024-02-04 15.38.54.jpeg,No,0,4326d6872fca976c973b39e5ac7e43e2f4106493a83f2c3675b0d21e94a8d2de,53035,542,467,RGB,JPEG
No/2024-02-04 15.39.13.jpeg,2024-02-04 15.39.13.jpeg,No,0,2974660d603842a0d4573e82c981c42b61526e83226b1692aea7d116ab292778,66527,641,491,RGB,JPEG
No/2024-02-04 15.39.28.jpeg,2024-02-04 15.39.28.jpeg,No,0,53095df9cabd4f796e1d15f6109cc73aae4e328dfda31c529d17e5acb05f17c0,48569,557,406,RGB,JPEG
No/2024-02-04 15.39.48.jpeg,2024-02-04 15.39.48.jpeg,No,0,e6ce5b0167ce9c99a51596d83ba3a96d6c632e37f97ed65ae0ca75cce0e68ba5,69028,741,491,RGB,JPEG
No/2024-02-04 15.40.04.jpeg,2024-02-04 15.40.04.jpeg,No,0,5dc02eed94580e7c80fb7fac4348981a070b5e40eefe7fdc6abd39428d8577a5,77973,744,551,RGB,JPEG
No/2024-02-26 23.39.22.jpeg,2024-02-26 23.39.22.jpeg,No,0,b0211643dbff26baac9072239272d6e85956ebae1eb51dca2b4947a803ad8267,83549,733,555,RGB,JPEG
No/2024-02-26 23.39.53.jpeg,2024-02-26 23.39.53.jpeg,No,0,7eb23e325bcd0f5e57e381a89c3578f05f6f7845f6d90bfa90a1ceab9dd6e4e0,60494,658,491,RGB,JPEG
No/2024-02-26 23.39.57.jpeg,2024-02-26 23.39.57.jpeg,No,0,e2833e98ab6ef2f4c46047935f96e25a512ceb55a6de948ee22deeb4b238d2fb,78976,825,491,RGB,JPEG
No/2024-02-26 23.40.00.jpeg,2024-02-26 23.40.00.jpeg,No,0,5198e015d0adf70576f7ea9e151d0c6ce581147ee93e0ff5a9a025331d706416,28643,227,406,RGB,JPEG
No/2024-02-26 23.40.03.jpeg,2024-02-26 23.40.03.jpeg,No,0,e6d537b8f4f85d29a3e2cb5711846158f96b6846f6eeb7936d8c294a75e66053,50202,416,491,RGB,JPEG
No/2024-02-26 23.40.05.jpeg,2024-02-26 23.40.05.jpeg,No,0,5fa740b9a3251f3462618bb82d64aebaada2f470c89f208b291de45c323d1bd1,59643,618,491,RGB,JPEG
No/2024-02-26 23.40.08.jpeg,2024-02-26 23.40.08.jpeg,No,0,87280f37952b66af3a36dbf26160c8666e26002229360e2d72c3f51bd0b4a2a0,86149,779,528,RGB,JPEG
No/2024-02-26 23.40.10.jpeg,2024-02-26 23.40.10.jpeg,No,0,b77cb79625a1cb75902988a21e2fb7894e0dc23a3caea8479df2537774528d6a,100807,783,578,RGB,JPEG
No/2024-02-26 23.40.12.jpeg,2024-02-26 23.40.12.jpeg,No,0,d43058bb034fab57d47d2e7f110d11445bf460d371db97c16f8e3a59f101d1d5,90259,856,491,RGB,JPEG
No/2024-02-26 23.40.14.jpeg,2024-02-26 23.40.14.jpeg,No,0,09e013150f6899e52b2fc72a56f1e1842a6a0b7dac6e0fe9400bc737a0de55f5,83451,618,590,RGB,JPEG
No/2024-02-26 23.40.16.jpeg,2024-02-26 23.40.16.jpeg,No,0,bebbcf615075603f0790625cc900345b5a2c5bf26b5f7b34d68d89259ed0eed6,81340,706,544,RGB,JPEG
No/2024-02-26 23.40.17.jpeg,2024-02-26 23.40.17.jpeg,No,0,8919d50b19e35ead1701efa2232714e7c643ab65ff825ece747fd11739688c4b,77571,614,564,RGB,JPEG
No/2024-02-26 23.40.19.jpeg,2024-02-26 23.40.19.jpeg,No,0,a736d6adcd88f1a4d9cde9079bd9947ffc29eaed075e8a18fe6eb00f909dabad,82753,744,559,RGB,JPEG
No/2024-02-26 23.40.21.jpeg,2024-02-26 23.40.21.jpeg,No,0,bd579ac7d262cc8605f99f12354d01edd69e97dbe9cc140ec75c874643f8b5cc,79543,698,491,RGB,JPEG
No/2024-02-26 23.40.22.jpeg,2024-02-26 23.40.22.jpeg,No,0,3563f3491f520f58626c41364d5c5ffe5ce449507f6dfb33ebf349e0b20fe1fd,89764,783,513,RGB,JPEG
No/2024-02-26 23.40.24.jpeg,2024-02-26 23.40.24.jpeg,No,0,6f381af9019bd886da8f9db41ac16eeb48da1bcd9d0bd438cf93f532d301dcb6,71195,741,491,RGB,JPEG
No/2024-02-26 23.40.26.jpeg,2024-02-26 23.40.26.jpeg,No,0,7663a1792249c09c59af9338cd1fac54c2685212615666b9712ac27633de86d7,62489,610,491,RGB,JPEG
No/2024-02-26 23.40.28.jpeg,2024-02-26 23.40.28.jpeg,No,0,9a712723fc3a37546e4d86ddfc96e816cd122fa9d9c89d2a4c635bb941f6618a,90614,771,520,RGB,JPEG
No/2024-02-26 23.40.32.jpeg,2024-02-26 23.40.32.jpeg,No,0,f8f83576b919094b6c1d84e127e2c8a134cdf86fc3df58509d7b64384bceff0d,51981,491,528,RGB,JPEG
No/2024-02-26 23.40.35.jpeg,2024-02-26 23.40.35.jpeg,No,0,0b6599b73b4920aeb107623355218cd0d48d105f7920877b28ecd4617a3e37a8,73448,491,743,RGB,JPEG
No/2024-02-26 23.40.37.jpeg,2024-02-26 23.40.37.jpeg,No,0,c5c74e8d3ec975807145710a210ceb6d7d0e00e6a92d237018b579111858bdb0,33898,318,486,RGB,JPEG
No/2024-02-26 23.47.22.jpeg,2024-02-26 23.47.22.jpeg,No,0,ed7a869545d75c753dd58a7fd08e0804fc3445efe77e29e83d7724f67d14d9be,42123,438,420,RGB,JPEG
No/2024-02-26 23.47.24.jpeg,2024-02-26 23.47.24.jpeg,No,0,765f4a8a113aa617595b6efb817c8141a68c657b23c077c84e825e277974bcf6,79431,646,539,RGB,JPEG
No/2024-02-26 23.47.25.jpeg,2024-02-26 23.47.25.jpeg,No,0,b39742ebc5a39aa008e981fff6b5765641149259555e2d0b757547da75c19539,61729,533,520,RGB,JPEG
No/2024-02-26 23.47.27.jpeg,2024-02-26 23.47.27.jpeg,No,0,ab049d6e80aa42fb0557e8d16d1de065ae8d464b932dc5e4665bc435bd1356d9,62291,583,491,RGB,JPEG
No/2024-02-26 23.55.40.jpeg,2024-02-26 23.55.40.jpeg,No,0,7086f6f12123db1948830683d60a4564b8f2ef58c386c0cf2d6e5966021c645e,62841,491,491,RGB,JPEG
No/2024-02-26 23.55.46.jpeg,2024-02-26 23.55.46.jpeg,No,0,628c7bc9d24b76350f830c2c49748a19d1e3a9f0be600870abc13c2d6d51edf0,51327,478,564,RGB,JPEG
No/2024-02-26 23.55.51.jpeg,2024-02-26 23.55.51.jpeg,No,0,9e9f78947355f6863294e3599026fb3815d5130dd62006feb4e8347f9f2a8927,50766,495,540,RGB,JPEG
No/2024-02-26 23.55.53.jpeg,2024-02-26 23.55.53.jpeg,No,0,ef18658e51f10f64a17ab4cd25d3f283b6dcf7936740fc622d1d850595b29cab,57369,553,590,RGB,JPEG
No/2024-02-26 23.55.55.jpeg,2024-02-26 23.55.55.jpeg,No,0,65017442de1c65ef1088eddfac2d9be51852dd89068d2549f405d6a3420db78b,54664,629,491,RGB,JPEG
No/2024-02-26 23.55.58.jpeg,2024-02-26 23.55.58.jpeg,No,0,ea03c156466bc506f6ad0a339fe7c4fc5028b523b9043895b3d1008f158b8904,58669,584,594,RGB,JPEG
No/2024-02-26 23.56.26.jpeg,2024-02-26 23.56.26.jpeg,No,0,a760df1471330fa975ce06b5dde72b14813bbcf1b5fe1661e161e10a73d4251d,60239,511,586,RGB,JPEG
No/2024-02-26 23.56.29.jpeg,2024-02-26 23.56.29.jpeg,No,0,ee49a6946fa40db57d3ef60e278a32344465046bd96c0126962145dc3305fcaf,36090,308,484,RGB,JPEG
No/2024-02-26 23.56.32.jpeg,2024-02-26 23.56.32.jpeg,No,0,e6afafb2d02e21a540fd038d85ef576e5a6d15bd7a18bc7bf047045b19935e0d,59148,498,533,RGB,JPEG
No/2024-02-26 23.56.34.jpeg,2024-02-26 23.56.34.jpeg,No,0,7fe1569b7d4dd505a8570a72e27b6c55bde04c01bdfa7b11482a3238019bd095,30134,350,318,RGB,JPEG
No/2024-02-26 23.56.36.jpeg,2024-02-26 23.56.36.jpeg,No,0,7294b354801b2bfc1dde6aaa77f62eca3d065fc764cb89af1b218ef9c24a7241,51291,491,491,RGB,JPEG
No/2024-02-26 23.56.38.jpeg,2024-02-26 23.56.38.jpeg,No,0,b3ededfb2f33df3d99bac45c578142771480bc6fc5f82eacf4d1d751440a144e,45746,491,491,RGB,JPEG
No/2024-02-26 23.56.39.jpeg,2024-02-26 23.56.39.jpeg,No,0,2f34eb7f94563a5dd89afda60dcfdfde293f003d0fd6074b905bc43c4c6079ce,52767,579,491,RGB,JPEG
No/2024-02-26 23.56.44 (1).jpeg,2024-02-26 23.56.44 (1).jpeg,No,0,fd09261b6e13bada6a8aad0295e370245c21e8e88aaf66e6878c4ecf7b026e7d,64726,714,491,RGB,JPEG
No/2024-02-26 23.56.44.jpeg,2024-02-26 23.56.44.jpeg,No,0,10d9aa9b13f4980fe4a64ef936b9e937ce8ed609860c8fe678e8989e0cfe30d5,63137,656,491,RGB,JPEG
No/2024-02-26 23.56.45.jpeg,2024-02-26 23.56.45.jpeg,No,0,3c15d694bb2035cd0fdd63a6d3611167d1cf729205895e57f977d881b1f97bed,74681,606,547,RGB,JPEG
No/2024-02-26 23.56.46.jpeg,2024-02-26 23.56.46.jpeg,No,0,a6d5fb528022805fb09af8a8a9e267f4962a12abd92c09a7f201b2d3ff676e8a,72137,572,605,RGB,JPEG
No/2024-02-26 23.56.49.jpeg,2024-02-26 23.56.49.jpeg,No,0,19533eb96b3bdd22407761f38f469c8c931be647b0755a00b34068dfe5618200,66145,541,567,RGB,JPEG
No/2024-02-26 23.56.50.jpeg,2024-02-26 23.56.50.jpeg,No,0,e615fe442b6c41a98ddc198800cd0e62ed19714c158277313dc1b44124e315c7,62276,572,491,RGB,JPEG
No/2024-02-26 23.56.51.jpeg,2024-02-26 23.56.51.jpeg,No,0,233a4d0dd06b090579bae28c6fca9211d1c9f085004999093fa914380220666f,72966,668,491,RGB,JPEG
No/2024-02-26 23.56.52.jpeg,2024-02-26 23.56.52.jpeg,No,0,781d6cc245b4dd463a1ba7c42124309e360be53d0c9c6f31e4777cf52626d209,48864,491,491,RGB,JPEG
No/2024-02-26 23.56.54 (1).jpeg,2024-02-26 23.56.54 (1).jpeg,No,0,06d09bdc88b96c78f5edfdea76401f8b493fbbf689c04f43932e077434ef8ad5,54339,491,582,RGB,JPEG
No/2024-02-26 23.56.54.jpeg,2024-02-26 23.56.54.jpeg,No,0,0d26e4d90a0e69a391addaa428c4bc2ddc587de265596b2dae548c1828baf4a7,63806,737,491,RGB,JPEG
No/2024-02-26 23.56.55.jpeg,2024-02-26 23.56.55.jpeg,No,0,a1296256d315b06f4944b75161ff19b28d046d57e425632eb0254726492e1198,51339,514,491,RGB,JPEG
No/2024-02-26 23.56.56.jpeg,2024-02-26 23.56.56.jpeg,No,0,1bebce0abbdf3c0a5f096661abaed97d24662e7923f969ae382497d9f58a63f5,49644,491,552,RGB,JPEG
No/2024-02-27 00.04.17.jpeg,2024-02-27 00.04.17.jpeg,No,0,ccff0f5755808b25524bbaff5802ba1c14d790904d1906bf5888eece2409ab10,56704,491,491,RGB,JPEG
No/3 (1).jpeg,3 (1).jpeg,No,0,7ff5835bb4055cdca4dfbdfa65b7990fef1b9fd634ca471b15a55f78d07420e6,36936,467,374,RGB,JPEG
No/3 (10).jpeg,3 (10).jpeg,No,0,b3e869615d0e5fa8221b542902db5adbd445b2fb36d724255525c3eba3a6a0d7,122207,871,567,RGB,JPEG
No/3 (2).jpeg,3 (2).jpeg,No,0,cfc4314ef87ad879b0a73a1cd4bf9ecccfc88e1fbcc381cd3c8a5d1e05d270bc,75436,860,469,RGB,JPEG
No/3 (3).jpeg,3 (3).jpeg,No,0,725bf6d1c5f1fc6c1b94a5178845a57dc930aaeb7ec4fdc1349d71cea80a43a2,74493,791,517,RGB,JPEG
No/3 (4).jpeg,3 (4).jpeg,No,0,a26eedda8ecf4e126c8efe266c932a7ecb4c5b609f18857f41bfb0415a64a363,71769,837,491,RGB,JPEG
No/3 (5).jpeg,3 (5).jpeg,No,0,0a33881ac92d4d8501963def56bac05d6f27d85e5d5bd51b8e7c09357ba6cf4c,41711,494,399,RGB,JPEG
No/3 (8).jpeg,3 (8).jpeg,No,0,ebc4c402d3402ab25497583a2e8deff4c0d1cb088af2a385f9877bd4afebe812,71437,825,491,RGB,JPEG
No/3 (9).jpeg,3 (9).jpeg,No,0,a259920984c90861ab2c23a8f8f5cefd847b4a5274fcc6733242310bd62b7ebc,39849,513,384,RGB,JPEG
No/4 (1).jpeg,4 (1).jpeg,No,0,c79b967e310ac7b33c111007f330f13c2131a0b00d72eb46959742b2b5499a6e,149580,982,693,RGB,JPEG
No/4 (10).jpeg,4 (10).jpeg,No,0,042f92cb607077ca853c3b494db37fa991247fd7808e38ffacd2bda87f0015bf,113053,1044,534,RGB,JPEG
No/4 (2).jpeg,4 (2).jpeg,No,0,78263db3e49298a7b07b47a01de1efbc5301aa4f549dc1f1b155404a7773ba0e,185970,967,977,RGB,JPEG
No/4 (3).jpeg,4 (3).jpeg,No,0,21a482a42d45e59c4c67a0a1da5f0d852defec3ad48c57977fda4dccd9290983,127951,998,624,RGB,JPEG
No/4 (4).jpeg,4 (4).jpeg,No,0,ec28ace71c912e3c5c55723af5c9c674937fda08ee9aff123f28626812f6ddc1,153515,948,805,RGB,JPEG
No/4 (5).jpeg,4 (5).jpeg,No,0,b106e9a1502fe9bd5b6e3eff18751cd91dc1beba1c56fed12c628770f37e7844,98717,886,491,RGB,JPEG
No/4 (8).jpeg,4 (8).jpeg,No,0,4203bd7081bdec46d15ac1c37dc151fb232ef6740ad98b1bae78cb2372b8bbf0,184788,1063,935,RGB,JPEG
No/4 (9).jpeg,4 (9).jpeg,No,0,03f1fb3079305769b763effcd20baaef851d29dde66fc3ad0982ea3ef52db546,112969,1086,544,RGB,JPEG
No/5 (1).jpeg,5 (1).jpeg,No,0,f408d85d1a72886880ee4deaed0dbde4711a18a29a81f0be171c99dc8825979d,146501,890,816,RGB,JPEG
No/5 (10).jpeg,5 (10).jpeg,No,0,d26b9ed1fe7bfac5cd14a3bf02c378275c4b68b353c9d8811848a4a7ee955b05,172934,910,962,RGB,JPEG
No/5 (2).jpeg,5 (2).jpeg,No,0,da3c033fa98536074fb48b10aa4354d7b28cc225fb8b1ae7f9bc71409b71aa39,203124,1109,916,RGB,JPEG
No/5 (3).jpeg,5 (3).jpeg,No,0,e51fcf5fbec402d1d141ddf20419aa8907290cd45bd791d82ac14b7bb36f0762,152156,925,824,RGB,JPEG
No/5 (4).jpeg,5 (4).jpeg,No,0,6becd4bdfea611352fadbe7aadbfd6d2579a7176afcb4442c5d4b1b7601528ea,161327,940,908,RGB,JPEG
No/5 (5).jpeg,5 (5).jpeg,No,0,0f1091a5d8f41fbda938ff10e38d87577704393e4314674739695d82f72e3ac9,197966,925,1035,RGB,JPEG
No/5 (8).jpeg,5 (8).jpeg,No,0,728e67a386d1d8bc46f61256fa08051f4c68dbb594ea945b724668a36e039bf5,162232,910,909,RGB,JPEG
No/5 (9).jpeg,5 (9).jpeg,No,0,109afdf3417e85f3930586499f1b4663b140f510462fe891f98cadd2cdef8aed,144096,959,747,RGB,JPEG
No/6 (1).jpeg,6 (1).jpeg,No,0,828b4d9a3ae589abdcf0386ca248751c84c0fdb8479c85630a4f19e839918d77,93979,886,491,RGB,JPEG
No/6 (10).jpeg,6 (10).jpeg,No,0,c6a960f8df7bb423e1125d24d15bc048b6837c95f9795b041fa4d6c52b3c84f5,89812,783,514,RGB,JPEG
No/6 (2).jpeg,6 (2).jpeg,No,0,91e3cc6099aa9a91f5d963ae8baa5ac85bf11bbd8e63dfab2a7eafcce9e22c62,88016,794,506,RGB,JPEG
No/6 (3).jpeg,6 (3).jpeg,No,0,7afec30169686191eb2426ef1d92b9db295d0910b36860d23b188a17f6ed9942,86372,825,491,RGB,JPEG
No/6 (4).jpeg,6 (4).jpeg,No,0,130554491e7c7e2c098322bef80a778d7e6fef9d3f01776d2242e57161430a26,84871,692,568,RGB,JPEG
No/6 (5).jpeg,6 (5).jpeg,No,0,9ac9e677f1ef3e7014283792d3977bf72456f97c1b120da1439a28457058db5d,71207,668,491,RGB,JPEG
No/6 (8).jpeg,6 (8).jpeg,No,0,cdc4cdb91e474df33589ce7fae93142881cec5d2ff9fc919fb7200ff75df56ba,103007,825,643,RGB,JPEG
No/6 (9).jpeg,6 (9).jpeg,No,0,40b7645a680de99afa493876c0f8792efc2aaf0bdf2ec7486700e3ab492ea8f3,102383,982,491,RGB,JPEG
No/7 (1).jpg,7 (1).jpg,No,0,1b7e05e46f04af3f508ac5aa83247ce04d7ec995b81fdd9ace51d393e3e1b377,14459,173,173,RGB,JPEG
No/7 (10).jpg,7 (10).jpg,No,0,6e5116ef1c1697baddc6cd5b9d8151fb255b82b2755eef69fa993e07cd72cb6a,15058,172,172,RGB,JPEG
No/7 (2).jpg,7 (2).jpg,No,0,f0ed3e9bc7586f2e484224252626d89eb9a99c7f2cf739d815bb496c5ea87477,14974,172,172,RGB,JPEG
No/7 (3).jpg,7 (3).jpg,No,0,badb524320a9e57128b7cd59a1fb530b1c92eb759e073ec7bd5f6d01d9a26167,15133,172,172,RGB,JPEG
No/7 (4).jpg,7 (4).jpg,No,0,4cc842ff0e295d6b5e2e6d7257a54f95684a0d1cca8f64e7138fd332a47099cb,14616,176,173,RGB,JPEG
No/7 (5).jpg,7 (5).jpg,No,0,ea73247005e1eca11dca6098e74538e080fff6a75f6cf741d0a072bbcc848726,15945,183,172,RGB,JPEG
No/7 (8).jpg,7 (8).jpg,No,0,cbe0b5f010389458737f38d09f075212e61245dd85867a8f8d746e369c90e1ad,15028,172,172,RGB,JPEG
No/7 (9).jpg,7 (9).jpg,No,0,bebcb47d8ee11b7bdfcaced28875b52abca3152e7a34160c84dcbf92859732c4,11494,124,172,RGB,JPEG
No/8 (1).jpeg,8 (1).jpeg,No,0,109afdf3417e85f3930586499f1b4663b140f510462fe891f98cadd2cdef8aed,144096,959,747,RGB,JPEG
No/8 (10).jpeg,8 (10).jpeg,No,0,728e67a386d1d8bc46f61256fa08051f4c68dbb594ea945b724668a36e039bf5,162232,910,909,RGB,JPEG
No/8 (2).jpeg,8 (2).jpeg,No,0,d26b9ed1fe7bfac5cd14a3bf02c378275c4b68b353c9d8811848a4a7ee955b05,172934,910,962,RGB,JPEG
No/8 (3).jpeg,8 (3).jpeg,No,0,f408d85d1a72886880ee4deaed0dbde4711a18a29a81f0be171c99dc8825979d,146501,890,816,RGB,JPEG
No/8 (4).jpeg,8 (4).jpeg,No,0,da3c033fa98536074fb48b10aa4354d7b28cc225fb8b1ae7f9bc71409b71aa39,203124,1109,916,RGB,JPEG
No/8 (5).jpeg,8 (5).jpeg,No,0,e51fcf5fbec402d1d141ddf20419aa8907290cd45bd791d82ac14b7bb36f0762,152156,925,824,RGB,JPEG
No/8 (8).jpeg,8 (8).jpeg,No,0,595e1880871fe61f5a599c5e3c8e1bf4175a8580cf6135bd99d8a99a9e638f65,131789,840,716,RGB,JPEG
No/8 (9).jpeg,8 (9).jpeg,No,0,0b3ac79e6da3b738fed669f5723b93826d52a80012216d6205a932b1afabbbf3,143457,1117,674,RGB,JPEG
No/9 (1).jpg,9 (1).jpg,No,0,4d2f50274662dc7ebb66c44a7c6dfb5c81dbeaf7ae95173d2c1805aafba26bcf,8797,129,129,RGB,JPEG
No/9 (10).jpg,9 (10).jpg,No,0,057e255782bc288883ee9c7ecbd98685868c792a2f8211f3e8becd22b5d1d481,11540,146,160,RGB,JPEG
No/9 (11).jpg,9 (11).jpg,No,0,ce5767e0f78a5a49f25ee50b80bac9cf90edf097b1cb62f9f699d6122d1a2b0c,8648,131,129,RGB,JPEG
No/9 (12).jpg,9 (12).jpg,No,0,a43edb229c480324cd425344fce86c78e3b3aa662efacf5e1a4c9a8c38f37f53,8765,134,129,RGB,JPEG
No/9 (13).jpg,9 (13).jpg,No,0,b8f14e6617b85a9e734cff4d5eae045f3fd1ea42aaa2a3abd524a8b358d16f02,9416,133,142,RGB,JPEG
No/9 (14).jpg,9 (14).jpg,No,0,7071e0dce1501a0911e0943009d6a9f4462c7025442f15b1f83dc25d6c4a76f5,8576,129,129,RGB,JPEG
No/9 (15).jpg,9 (15).jpg,No,0,f0a2158fe6836bef1fe82e7a6a8807ca384adfd06a527b085c1dfc332273195a,8961,129,130,RGB,JPEG
No/9 (18).jpg,9 (18).jpg,No,0,0550e46f52919ff37b1bc36b57c20ed2f4d7382401dcb6806f915f963e17695a,8841,133,129,RGB,JPEG
No/9 (19).jpg,9 (19).jpg,No,0,022df789c7ec4f6ba034220e9a86a4b6e88117e2cdb6985d3befc1834aaa1ae3,8865,129,130,RGB,JPEG
No/9 (2).jpg,9 (2).jpg,No,0,d2b0647d9717cfe1b653e0ed0f198d635b996a744a6e1a4f62d03342a805069e,8962,129,129,RGB,JPEG
No/9 (20).jpg,9 (20).jpg,No,0,6d5526b55747030e4c7887933f4f992ba024c82de60ae37ec9afc64696c39ed4,11234,163,129,RGB,JPEG
No/9 (21).jpg,9 (21).jpg,No,0,aef8edfff4f219d458ad4245136fc8dff2edfbb68a781c9611df7a5c499be71d,9223,130,129,RGB,JPEG
No/9 (22).jpg,9 (22).jpg,No,0,fa041c53bda61e48c5af8376507d6b66d481bd98ecaf2020c43737616830dc48,10591,157,129,RGB,JPEG
No/9 (23).jpg,9 (23).jpg,No,0,d562770422de6aa675405f5ab158924b60d4db5f0a2d7ff94304c992af4e5a83,10733,171,129,RGB,JPEG
No/9 (24).jpg,9 (24).jpg,No,0,26b6ad39ed126371c5070e5dd69a28f1a1d8aeaf19358a9a71e10be5ed770b12,9229,141,129,RGB,JPEG
No/9 (25).jpg,9 (25).jpg,No,0,71d8b3431d27df94afe71766d38904251aae9e993788ce3dd0137688392afcd5,9153,130,129,RGB,JPEG
No/9 (28).jpg,9 (28).jpg,No,0,39d32bbe5d60e0d6ae04737d8d3f468145fa7f1edaca22f8afd2eedff15394ac,11906,189,129,RGB,JPEG
No/9 (29).jpg,9 (29).jpg,No,0,9c4ebf8486c2dabc51d9f72d2e87b3d154110100cc6e9c04fb8862a271bea1a6,8799,129,129,RGB,JPEG
No/9 (3).jpg,9 (3).jpg,No,0,efd18b2b4f24e0ed12bfa7f2162f16a088a25c2dc29cbf4a2d98364caccc984f,9870,130,144,RGB,JPEG
No/9 (30).jpg,9 (30).jpg,No,0,eec823ed947116bcb54c198a0d09182a1f70db36df59f5bbb529766838fc8fd9,10308,153,129,RGB,JPEG
No/9 (31).jpg,9 (31).jpg,No,0,45cb463c6bc8cff35efdf429a4a158c2ed8d440cafc27edc7b8af5e1c3041ce0,9919,148,129,RGB,JPEG
No/9 (32).jpg,9 (32).jpg,No,0,7fce49cc6f1031300517d102a4fcd4d5bced7798a06e0ac615c707583f5b3ff9,10015,146,130,RGB,JPEG
No/9 (33).jpg,9 (33).jpg,No,0,63b5ef36a633c90a1f4b831f18a4223534dcc1d2aeaffc01ef0dd2e5689d3288,8893,129,132,RGB,JPEG
No/9 (34).jpg,9 (34).jpg,No,0,1917f257da33edf22d88f8d62fbee1ce772f378fd498f8ddf068b957fb82d6e5,9048,129,130,RGB,JPEG
No/9 (35).jpg,9 (35).jpg,No,0,b5fec1f2d715deab4b8804661639be14a89e887051534609fb7bf9318537910b,12140,177,129,RGB,JPEG
No/9 (4).jpg,9 (4).jpg,No,0,d173944f1ca1d9eac039952791ac9a7052b9cb72719969403205ed5b72ef454e,9215,131,129,RGB,JPEG
No/9 (5).jpg,9 (5).jpg,No,0,42298c71c2a06854b1d5a8c81099650bdab23906eb25189d49927b3d319f8a75,9223,129,130,RGB,JPEG
No/9 (8).jpg,9 (8).jpg,No,0,e187b430b4b2e3c23935375de4bd21cb702037af04cb1df5c6c5f7cd904a24b6,10846,129,148,RGB,JPEG
No/9 (9).jpg,9 (9).jpg,No,0,e4a8b674eaac67cb3e0c1ab982323b1f0a96fa496742b51c570153a4ccae6fb4,8528,129,130,RGB,JPEG
No/IMG_0185.jpeg,IMG_0185.jpeg,No,0,4da7e6ba62f2ad5f0be180452002877d6a8ce82a86a1f1279421b6c0d448f57d,36527,400,340,RGB,JPEG
No/IMG_0186.jpeg,IMG_0186.jpeg,No,0,0b3b201d703e4e8101a0060551448b387ae6be7698ea16db6e321eac4e3685e3,49541,687,317,RGB,JPEG
No/IMG_0187.jpeg,IMG_0187.jpeg,No,0,e8b848c9ae90664356220239af2cefdad0a73b24d7df4f2120372f7fd07159b5,58101,626,492,RGB,JPEG
No/IMG_0188.jpeg,IMG_0188.jpeg,No,0,b10959f90c4c277fd80fa6c169bd1ef8520de786ecfd9beb952a3ce1e6d31620,101952,641,878,RGB,JPEG
No/IMG_0193.jpeg,IMG_0193.jpeg,No,0,7a12625a816cd89de4b75ddf1c65b4342a5f09e96d338927d0e77b64f7970cb1,96669,695,736,RGB,JPEG
No/IMG_0194.jpeg,IMG_0194.jpeg,No,0,0948b739232349b8860be4d9a84ebb501f46822b1a596524e90e6a504447b839,145880,787,912,RGB,JPEG
No/IMG_0195.jpeg,IMG_0195.jpeg,No,0,599a03dc7387278c9efb3674235f746388eb49fe2e8babf9e12b559680d197cb,102723,913,678,RGB,JPEG
No/IMG_0196.jpeg,IMG_0196.jpeg,No,0,c73b4bc1702e497fecffd7902646657cde784c2a21884e05fb1f182d43c1dda5,114653,1028,563,RGB,JPEG
No/IMG_0197.jpeg,IMG_0197.jpeg,No,0,bd726f9649ad2a4d31d6dd3a494c3f2772c0d76935e1749f0a81fe0c59ecd040,85978,783,491,RGB,JPEG
No/IMG_0198.jpeg,IMG_0198.jpeg,No,0,901d3e808d383055ccc660457bfd12191260378f51d300c20b00e713b37b6860,90299,748,547,RGB,JPEG
No/IMG_0200.jpeg,IMG_0200.jpeg,No,0,2acfa839ba860ced291a267586a80783478c89bc56ae6479bc64e23b6b7c0172,141294,740,854,RGB,JPEG
No/IMG_0201.jpeg,IMG_0201.jpeg,No,0,12552ede0ab5b835aa0c2a583ae0072bdea55ea0da6cd428a96d01c8eae3b474,196611,948,939,RGB,JPEG
No/IMG_0202.jpeg,IMG_0202.jpeg,No,0,97ce06cf854b96f5cfec35502b536425cdd4050217c4855ff175463bb1264852,189858,925,943,RGB,JPEG
No/IMG_0203.jpeg,IMG_0203.jpeg,No,0,8df617dc9702b07bc5da3fb0eb587ecde15be4ba68f70e107b6e32f461cc5035,113301,549,1027,RGB,JPEG
No/IMG_0204.jpeg,IMG_0204.jpeg,No,0,2bb37760d288c2db46c464ca04890d30df03271054402a27e1df5c0b05164a80,158646,956,778,RGB,JPEG
No/IMG_0205.jpeg,IMG_0205.jpeg,No,0,a963d4023962702a8ccd9533ed4695123e1cdb94bacf1a2d6c14070a8ab78d44,204244,1028,938,RGB,JPEG
No/IMG_0206.jpeg,IMG_0206.jpeg,No,0,bd0ea3affb93a9ecc0f9742b25ae5e2e7584903d79359dc614fa48ac4fa92924,251317,1056,1162,RGB,JPEG
No/IMG_0207.jpeg,IMG_0207.jpeg,No,0,ce1bec4820843d50d23f76f9a7d4fa7c23fc2447335b3b7e0c646cc958d5d649,200380,994,1135,RGB,JPEG
No/IMG_0208.jpeg,IMG_0208.jpeg,No,0,0c435baf912720cd345852cc41344b7c478e61a6ee112fc50144d86c3bc82fd8,208580,799,1162,RGB,JPEG
No/IMG_0209.jpeg,IMG_0209.jpeg,No,0,63c6e614629b36753380a7833dc33f2b56ebbd76a23db5e455450aeb0d603e0a,135181,679,897,RGB,JPEG
No/IMG_0210.jpeg,IMG_0210.jpeg,No,0,4203bd7081bdec46d15ac1c37dc151fb232ef6740ad98b1bae78cb2372b8bbf0,184788,1063,935,RGB,JPEG
No/IMG_0211.jpeg,IMG_0211.jpeg,No,0,03f1fb3079305769b763effcd20baaef851d29dde66fc3ad0982ea3ef52db546,112969,1086,544,RGB,JPEG
No/IMG_0212.jpeg,IMG_0212.jpeg,No,0,042f92cb607077ca853c3b494db37fa991247fd7808e38ffacd2bda87f0015bf,113053,1044,534,RGB,JPEG
No/IMG_0213.jpeg,IMG_0213.jpeg,No,0,c79b967e310ac7b33c111007f330f13c2131a0b00d72eb46959742b2b5499a6e,149580,982,693,RGB,JPEG
No/IMG_0214.jpeg,IMG_0214.jpeg,No,0,78263db3e49298a7b07b47a01de1efbc5301aa4f549dc1f1b155404a7773ba0e,185970,967,977,RGB,JPEG
No/IMG_0215.jpeg,IMG_0215.jpeg,No,0,21a482a42d45e59c4c67a0a1da5f0d852defec3ad48c57977fda4dccd9290983,127951,998,624,RGB,JPEG
No/IMG_0216.jpeg,IMG_0216.jpeg,No,0,ec28ace71c912e3c5c55723af5c9c674937fda08ee9aff123f28626812f6ddc1,153515,948,805,RGB,JPEG
No/IMG_0217.jpeg,IMG_0217.jpeg,No,0,b106e9a1502fe9bd5b6e3eff18751cd91dc1beba1c56fed12c628770f37e7844,98717,886,491,RGB,JPEG
No/IMG_0218.jpeg,IMG_0218.jpeg,No,0,13d50696110c1d61115979de42315c8245c99d21cc1764875048587c33f5975e,77664,814,491,RGB,JPEG
No/IMG_0219.jpeg,IMG_0219.jpeg,No,0,7a0bce2926a98e840f8c4b3268a3fc9150e59a8e3eff0579edc740138e407c9f,95356,817,509,RGB,JPEG
No/IMG_0220.jpeg,IMG_0220.jpeg,No,0,0b3ac79e6da3b738fed669f5723b93826d52a80012216d6205a932b1afabbbf3,143457,1117,674,RGB,JPEG
No/IMG_0221.jpeg,IMG_0221.jpeg,No,0,728e67a386d1d8bc46f61256fa08051f4c68dbb594ea945b724668a36e039bf5,162232,910,909,RGB,JPEG
No/IMG_0222.jpeg,IMG_0222.jpeg,No,0,109afdf3417e85f3930586499f1b4663b140f510462fe891f98cadd2cdef8aed,144096,959,747,RGB,JPEG
No/IMG_0223.jpeg,IMG_0223.jpeg,No,0,d26b9ed1fe7bfac5cd14a3bf02c378275c4b68b353c9d8811848a4a7ee955b05,172934,910,962,RGB,JPEG
No/IMG_0224.jpeg,IMG_0224.jpeg,No,0,f408d85d1a72886880ee4deaed0dbde4711a18a29a81f0be171c99dc8825979d,146501,890,816,RGB,JPEG
No/IMG_0225.jpeg,IMG_0225.jpeg,No,0,da3c033fa98536074fb48b10aa4354d7b28cc225fb8b1ae7f9bc71409b71aa39,203124,1109,916,RGB,JPEG
No/IMG_0226.jpeg,IMG_0226.jpeg,No,0,e51fcf5fbec402d1d141ddf20419aa8907290cd45bd791d82ac14b7bb36f0762,152156,925,824,RGB,JPEG
No/IMG_0227.jpeg,IMG_0227.jpeg,No,0,6becd4bdfea611352fadbe7aadbfd6d2579a7176afcb4442c5d4b1b7601528ea,161327,940,908,RGB,JPEG
No/IMG_0228.jpeg,IMG_0228.jpeg,No,0,0f1091a5d8f41fbda938ff10e38d87577704393e4314674739695d82f72e3ac9,197966,925,1035,RGB,JPEG
No/IMG_0229.jpeg,IMG_0229.jpeg,No,0,595e1880871fe61f5a599c5e3c8e1bf4175a8580cf6135bd99d8a99a9e638f65,131789,840,716,RGB,JPEG
No/IMG_0230.jpeg,IMG_0230.jpeg,No,0,cdc4cdb91e474df33589ce7fae93142881cec5d2ff9fc919fb7200ff75df56ba,103007,825,643,RGB,JPEG
No/IMG_0231.jpeg,IMG_0231.jpeg,No,0,40b7645a680de99afa493876c0f8792efc2aaf0bdf2ec7486700e3ab492ea8f3,102383,982,491,RGB,JPEG
No/IMG_0232.jpeg,IMG_0232.jpeg,No,0,c6a960f8df7bb423e1125d24d15bc048b6837c95f9795b041fa4d6c52b3c84f5,89812,783,514,RGB,JPEG
No/IMG_0233.jpeg,IMG_0233.jpeg,No,0,828b4d9a3ae589abdcf0386ca248751c84c0fdb8479c85630a4f19e839918d77,93979,886,491,RGB,JPEG
No/IMG_0234.jpeg,IMG_0234.jpeg,No,0,91e3cc6099aa9a91f5d963ae8baa5ac85bf11bbd8e63dfab2a7eafcce9e22c62,88016,794,506,RGB,JPEG
No/IMG_0235.jpeg,IMG_0235.jpeg,No,0,7afec30169686191eb2426ef1d92b9db295d0910b36860d23b188a17f6ed9942,86372,825,491,RGB,JPEG
No/IMG_0236.jpeg,IMG_0236.jpeg,No,0,130554491e7c7e2c098322bef80a778d7e6fef9d3f01776d2242e57161430a26,84871,692,568,RGB,JPEG
No/IMG_0237.jpeg,IMG_0237.jpeg,No,0,9ac9e677f1ef3e7014283792d3977bf72456f97c1b120da1439a28457058db5d,71207,668,491,RGB,JPEG
No/IMG_0238.jpeg,IMG_0238.jpeg,No,0,59af681d02021deccec8217e80cce0153fa3f8ff1fc4c653c2c13fdc77b59f02,79755,764,511,RGB,JPEG
No/IMG_0239.jpeg,IMG_0239.jpeg,No,0,0198cf99901b189d96cc3fc960729efb8dc68ee4ab59a4efacbd656d135538b8,92929,698,620,RGB,JPEG
No/IMG_0330.jpeg,IMG_0330.jpeg,No,0,58232ee2c3bcf299415690ccba7621e9876db8aacbb22615e0677ecf6f6a9ef7,74330,545,766,RGB,JPEG
No/IMG_0331.jpeg,IMG_0331.jpeg,No,0,7d39de75852651473e8de883f0b4f064da8a94a9703670ab1af49d261f4c5d92,69591,491,701,RGB,JPEG
No/IMG_0332.jpeg,IMG_0332.jpeg,No,0,1ea614f0e8d7c9070d21230ca4ed39986f48105ddffc495e1e923c59404fbfaf,73777,729,491,RGB,JPEG
No/IMG_0333.jpeg,IMG_0333.jpeg,No,0,d88309043aa032b4db80dba11d99a33c2ec5cc04a287b22d0e7dde752be40411,81523,714,532,RGB,JPEG
No/IMG_0334.jpeg,IMG_0334.jpeg,No,0,ab61c38755340009d0c8c02dc83c0a6f53a77f7229f0dbaabe249bd5a1ba30a2,71433,664,491,RGB,JPEG
No/IMG_0335.jpeg,IMG_0335.jpeg,No,0,df9f2ab45306d33a4e2d0c7149524274ef2ea8b49b8ab134af850688013d8e70,74886,492,736,RGB,JPEG
No/IMG_0336.jpeg,IMG_0336.jpeg,No,0,b8bcf90d709432b5a0554d8ab8a5e5cdee0ec2a62a1e2b51f7ce1a1044401c59,67551,491,643,RGB,JPEG
No/IMG_0337.jpeg,IMG_0337.jpeg,No,0,d3fd6a432bf4653ebe33fc53ed294220ea6150f21e5c910f1c1cea60263dc6b6,57408,495,494,RGB,JPEG
No/IMG_0338.jpeg,IMG_0338.jpeg,No,0,c59521c2a86b96f31504aaeb95ea543eb94bf72a1f954eab2a93489b334e2275,61116,492,571,RGB,JPEG
No/IMG_0339.jpeg,IMG_0339.jpeg,No,0,16d0f6794508e22eeb52a5d66279993f6f10b33576ffb2f583da361ea63a29a4,52461,471,481,RGB,JPEG
No/IMG_0340.jpeg,IMG_0340.jpeg,No,0,6a571020bff3675a841cb45ee8a502615ed0257b71eab5e18bf31c9ba2f38d54,32731,324,345,RGB,JPEG
No/IMG_0341.jpeg,IMG_0341.jpeg,No,0,7675b62e577fd6099981244baaf360876e4354a3bad9897b988c7df8c3176cf3,15982,141,230,RGB,JPEG
No/IMG_0342.jpeg,IMG_0342.jpeg,No,0,9d9fd53c3e0c6ab0205c2890398c4946ff90cfc1d0ed35b3ff5452fe5c4df65d,17925,144,349,RGB,JPEG
No/IMG_0343.jpeg,IMG_0343.jpeg,No,0,a6bd3e4be1bd068a0e33b7bc747d7d9201755b463b5b0a69b6c62cf3c9bbddf0,28595,240,494,RGB,JPEG
No/IMG_0344.jpeg,IMG_0344.jpeg,No,0,c70f3995fc83e7598d8da5aac0281e016fd95df1d3c457fb08a45e5020d7bc6a,14124,128,251,RGB,JPEG
No/IMG_0345.jpeg,IMG_0345.jpeg,No,0,07853271bad6725cb4d88878f86bb5eaf091acccd3a13d47fb054cd0bb86c2ac,25330,193,374,RGB,JPEG
No/IMG_0346.jpeg,IMG_0346.jpeg,No,0,4cb5b829fa15053c9b5de56793ab37eb95f3931c1ee8d15e5921ad5492a50e3b,21394,146,588,RGB,JPEG
No/IMG_0347.jpeg,IMG_0347.jpeg,No,0,a89f6d431c1e8f9880c4fd1c44cd130ff6dad5c5ff175e3ff161e3e434ec17ea,48617,338,649,RGB,JPEG
No/IMG_0348.jpeg,IMG_0348.jpeg,No,0,c2023680afb9d1133573d217b00075788b18e6a55d0044ab455f315e7f5f6277,23958,239,369,RGB,JPEG
No/IMG_0349.jpeg,IMG_0349.jpeg,No,0,303f01a526ae84353dc79f9dd8e88df0a961f6218854b355fe2ac79734b22a68,18752,187,256,RGB,JPEG
No/IMG_0350.jpeg,IMG_0350.jpeg,No,0,f7dca24ef959ee86de8b97b1400f5ad2fc3e75a38ba22b8bed326b4c116519ad,73160,541,624,RGB,JPEG
No/IMG_0351.jpeg,IMG_0351.jpeg,No,0,c883d796ac1af435f9d42334aba772c764a9d95b2181bb98bcff8e49b1baf1c8,30501,241,491,RGB,JPEG
No/IMG_0352.jpeg,IMG_0352.jpeg,No,0,d0eb9705f29dbc309b86a9b725bc608617b1d1af412714c1379e41660bdcf3cb,24662,231,361,RGB,JPEG
No/IMG_0353.jpeg,IMG_0353.jpeg,No,0,b5d6d3fd809ae8476699d4c5171175c98ddef78ba79f5478ffd49932f51e008a,29334,246,437,RGB,JPEG
No/IMG_0354.jpeg,IMG_0354.jpeg,No,0,9b4113681f151bcc5e967310e2fc399b6c7867dbfa32ce378621fe79f61274a6,33229,209,560,RGB,JPEG
No/IMG_0355.jpeg,IMG_0355.jpeg,No,0,a70b074d9b2cd740d9384414a8ce0e762721fb5ae57a87fda1e9df65c3531edc,26969,259,310,RGB,JPEG
No/IMG_0356.jpeg,IMG_0356.jpeg,No,0,e152ac452125c4f9ab0cee98cb6568f7d77afa0ab0e4e032f8329fc79279c103,27720,211,479,RGB,JPEG
No/IMG_0357.jpeg,IMG_0357.jpeg,No,0,0186a1663f86a53937f50b02c1b820f18ddb8db20cb45c7454d850d4b7ebe001,32231,313,346,RGB,JPEG
No/IMG_0358.jpeg,IMG_0358.jpeg,No,0,64b49c0d06479cbd5b092d2ef988904b11c15a8a8027aafd55fc8b3df11ae8d6,48226,355,515,RGB,JPEG
No/IMG_0359.jpeg,IMG_0359.jpeg,No,0,67de5afb9b5ff82bfa343fd9e477978220ca8a138ba29247e643e8991dad2b68,24388,196,462,RGB,JPEG
No/IMG_0360.jpeg,IMG_0360.jpeg,No,0,18c618918716fc1a8644cee53f7cec646ddbb87a7b9e391bc4cc800f25e4394b,20923,140,526,RGB,JPEG
No/IMG_0361.jpeg,IMG_0361.jpeg,No,0,be408e479ba2395865f80dda3bfb5a3d2750065134242affbd7454a50c7cca4c,38787,282,620,RGB,JPEG
No/IMG_0362.jpeg,IMG_0362.jpeg,No,0,a38bee435f3c1b92e6a73fc00610d1eb89665b85e004cf772e7eb2693707a0b9,20278,148,453,RGB,JPEG
No/IMG_0363.jpeg,IMG_0363.jpeg,No,0,dd34215a36edbdd33d100e533a02a6b3dd07ef9160d4f52be903851e3dbc4022,15897,119,169,RGB,JPEG
No/IMG_0364.jpeg,IMG_0364.jpeg,No,0,8f9a6694b11d689af79b9261b00a08ed6bcea20b203f7cf2ae122fb3eb983aa2,21055,163,246,RGB,JPEG
No/IMG_0365.jpeg,IMG_0365.jpeg,No,0,785d48a6084ddaa05c478a4427ba1686853b68dad2790a4514a7dd97253c1fa5,72481,491,682,RGB,JPEG
No/IMG_0366.jpeg,IMG_0366.jpeg,No,0,b1efba2d003622246a5fa18e1ec21840deb20f58cba60c916cc8f768d8e7d08e,75242,491,693,RGB,JPEG
No/IMG_20231216_135244_588.jpg,IMG_20231216_135244_588.jpg,No,0,fd3f805e1e521712e655bdc8c0891eb5c498e92ce3ace19e40b3948158afa958,15066,172,172,RGB,JPEG
No/IMG_20231216_135244_589.jpg,IMG_20231216_135244_589.jpg,No,0,cbe0b5f010389458737f38d09f075212e61245dd85867a8f8d746e369c90e1ad,15028,172,172,RGB,JPEG
No/IMG_20231216_135244_590.jpg,IMG_20231216_135244_590.jpg,No,0,bebcb47d8ee11b7bdfcaced28875b52abca3152e7a34160c84dcbf92859732c4,11494,124,172,RGB,JPEG
No/IMG_20231216_135244_591.jpg,IMG_20231216_135244_591.jpg,No,0,6e5116ef1c1697baddc6cd5b9d8151fb255b82b2755eef69fa993e07cd72cb6a,15058,172,172,RGB,JPEG
No/IMG_20231216_135244_592.jpg,IMG_20231216_135244_592.jpg,No,0,1b7e05e46f04af3f508ac5aa83247ce04d7ec995b81fdd9ace51d393e3e1b377,14459,173,173,RGB,JPEG
No/IMG_20231216_135244_593.jpg,IMG_20231216_135244_593.jpg,No,0,f0ed3e9bc7586f2e484224252626d89eb9a99c7f2cf739d815bb496c5ea87477,14974,172,172,RGB,JPEG
No/IMG_20231216_135244_594.jpg,IMG_20231216_135244_594.jpg,No,0,badb524320a9e57128b7cd59a1fb530b1c92eb759e073ec7bd5f6d01d9a26167,15133,172,172,RGB,JPEG
No/IMG_20231216_135244_595.jpg,IMG_20231216_135244_595.jpg,No,0,4cc842ff0e295d6b5e2e6d7257a54f95684a0d1cca8f64e7138fd332a47099cb,14616,176,173,RGB,JPEG
No/IMG_20231216_135244_596.jpg,IMG_20231216_135244_596.jpg,No,0,ea73247005e1eca11dca6098e74538e080fff6a75f6cf741d0a072bbcc848726,15945,183,172,RGB,JPEG
No/IMG_20231216_135244_597.jpg,IMG_20231216_135244_597.jpg,No,0,20733fc7e8407ff6d6809f59f4a41da6f5ee5acba52b8e9088d08562b09d9a62,15247,173,173,RGB,JPEG
No/IMG_20231216_150534_767.jpg,IMG_20231216_150534_767.jpg,No,0,e4a8b674eaac67cb3e0c1ab982323b1f0a96fa496742b51c570153a4ccae6fb4,8528,129,130,RGB,JPEG
No/IMG_20231216_150534_768.jpg,IMG_20231216_150534_768.jpg,No,0,057e255782bc288883ee9c7ecbd98685868c792a2f8211f3e8becd22b5d1d481,11540,146,160,RGB,JPEG
No/IMG_20231216_150534_769.jpg,IMG_20231216_150534_769.jpg,No,0,ce5767e0f78a5a49f25ee50b80bac9cf90edf097b1cb62f9f699d6122d1a2b0c,8648,131,129,RGB,JPEG
No/IMG_20231216_150534_770.jpg,IMG_20231216_150534_770.jpg,No,0,a43edb229c480324cd425344fce86c78e3b3aa662efacf5e1a4c9a8c38f37f53,8765,134,129,RGB,JPEG
No/IMG_20231216_150534_771.jpg,IMG_20231216_150534_771.jpg,No,0,b8f14e6617b85a9e734cff4d5eae045f3fd1ea42aaa2a3abd524a8b358d16f02,9416,133,142,RGB,JPEG
No/IMG_20231216_150534_772.jpg,IMG_20231216_150534_772.jpg,No,0,7071e0dce1501a0911e0943009d6a9f4462c7025442f15b1f83dc25d6c4a76f5,8576,129,129,RGB,JPEG
No/IMG_20231216_150534_773.jpg,IMG_20231216_150534_773.jpg,No,0,f0a2158fe6836bef1fe82e7a6a8807ca384adfd06a527b085c1dfc332273195a,8961,129,130,RGB,JPEG
No/IMG_20231216_150534_774.jpg,IMG_20231216_150534_774.jpg,No,0,0cfd52e47031224dc9ac36b62fa65b9f67ae11ee56d51c470922c651b0d03174,8812,129,129,RGB,JPEG
No/IMG_20231216_150534_775.jpg,IMG_20231216_150534_775.jpg,No,0,8f1768625ed3bad0dcc2c66ad2f8711592594f6b1244b88c3ce3f94c0ec7209e,8994,135,129,RGB,JPEG
No/IMG_20231216_150534_776.jpg,IMG_20231216_150534_776.jpg,No,0,0550e46f52919ff37b1bc36b57c20ed2f4d7382401dcb6806f915f963e17695a,8841,133,129,RGB,JPEG
No/IMG_20231216_150534_777.jpg,IMG_20231216_150534_777.jpg,No,0,022df789c7ec4f6ba034220e9a86a4b6e88117e2cdb6985d3befc1834aaa1ae3,8865,129,130,RGB,JPEG
No/IMG_20231216_150534_778.jpg,IMG_20231216_150534_778.jpg,No,0,6d5526b55747030e4c7887933f4f992ba024c82de60ae37ec9afc64696c39ed4,11234,163,129,RGB,JPEG
No/IMG_20231216_150534_779.jpg,IMG_20231216_150534_779.jpg,No,0,aef8edfff4f219d458ad4245136fc8dff2edfbb68a781c9611df7a5c499be71d,9223,130,129,RGB,JPEG
No/IMG_20231216_150534_780.jpg,IMG_20231216_150534_780.jpg,No,0,fa041c53bda61e48c5af8376507d6b66d481bd98ecaf2020c43737616830dc48,10591,157,129,RGB,JPEG
No/IMG_20231216_150534_781.jpg,IMG_20231216_150534_781.jpg,No,0,d562770422de6aa675405f5ab158924b60d4db5f0a2d7ff94304c992af4e5a83,10733,171,129,RGB,JPEG
No/IMG_20231216_150534_782.jpg,IMG_20231216_150534_782.jpg,No,0,26b6ad39ed126371c5070e5dd69a28f1a1d8aeaf19358a9a71e10be5ed770b12,9229,141,129,RGB,JPEG
No/IMG_20231216_150534_783.jpg,IMG_20231216_150534_783.jpg,No,0,71d8b3431d27df94afe71766d38904251aae9e993788ce3dd0137688392afcd5,9153,130,129,RGB,JPEG
No/IMG_20231216_150534_784.jpg,IMG_20231216_150534_784.jpg,No,0,37033a30b1b05495da93c2f7168ec62c430d312a249e30eee3579e4cc75f514e,9207,131,130,RGB,JPEG
No/IMG_20231216_150534_785.jpg,IMG_20231216_150534_785.jpg,No,0,917117b69fe10c20288b27028f9f66f14c0f28c251472464e31f69abcdaba95f,11458,171,129,RGB,JPEG
No/IMG_20231216_150534_786.jpg,IMG_20231216_150534_786.jpg,No,0,39d32bbe5d60e0d6ae04737d8d3f468145fa7f1edaca22f8afd2eedff15394ac,11906,189,129,RGB,JPEG
No/IMG_20231216_150534_787.jpg,IMG_20231216_150534_787.jpg,No,0,9c4ebf8486c2dabc51d9f72d2e87b3d154110100cc6e9c04fb8862a271bea1a6,8799,129,129,RGB,JPEG
No/IMG_20231216_150534_788.jpg,IMG_20231216_150534_788.jpg,No,0,eec823ed947116bcb54c198a0d09182a1f70db36df59f5bbb529766838fc8fd9,10308,153,129,RGB,JPEG
No/IMG_20231216_150534_789.jpg,IMG_20231216_150534_789.jpg,No,0,45cb463c6bc8cff35efdf429a4a158c2ed8d440cafc27edc7b8af5e1c3041ce0,9919,148,129,RGB,JPEG
No/IMG_20231216_150534_790.jpg,IMG_20231216_150534_790.jpg,No,0,7fce49cc6f1031300517d102a4fcd4d5bced7798a06e0ac615c707583f5b3ff9,10015,146,130,RGB,JPEG
No/IMG_20231216_150534_791.jpg,IMG_20231216_150534_791.jpg,No,0,63b5ef36a633c90a1f4b831f18a4223534dcc1d2aeaffc01ef0dd2e5689d3288,8893,129,132,RGB,JPEG
No/IMG_20231216_150534_792.jpg,IMG_20231216_150534_792.jpg,No,0,1917f257da33edf22d88f8d62fbee1ce772f378fd498f8ddf068b957fb82d6e5,9048,129,130,RGB,JPEG
No/IMG_20231216_150534_793.jpg,IMG_20231216_150534_793.jpg,No,0,b5fec1f2d715deab4b8804661639be14a89e887051534609fb7bf9318537910b,12140,177,129,RGB,JPEG
No/IMG_20231216_150534_794.jpg,IMG_20231216_150534_794.jpg,No,0,a868ea13e69365cdaafc8bfe206b15a8a79e1a402135dc5c1219d816853c7747,9156,129,130,RGB,JPEG
No/IMG_20231216_150534_795.jpg,IMG_20231216_150534_795.jpg,No,0,2b783e1921e912ce513471a9e06989bad2502f2483c94ae73cdc40797318d29f,9218,129,129,RGB,JPEG
No/IMG_20231216_150534_796.jpg,IMG_20231216_150534_796.jpg,No,0,4d2f50274662dc7ebb66c44a7c6dfb5c81dbeaf7ae95173d2c1805aafba26bcf,8797,129,129,RGB,JPEG
No/IMG_20231216_150534_797.jpg,IMG_20231216_150534_797.jpg,No,0,d2b0647d9717cfe1b653e0ed0f198d635b996a744a6e1a4f62d03342a805069e,8962,129,129,RGB,JPEG
No/IMG_20231216_150534_798.jpg,IMG_20231216_150534_798.jpg,No,0,efd18b2b4f24e0ed12bfa7f2162f16a088a25c2dc29cbf4a2d98364caccc984f,9870,130,144,RGB,JPEG
No/IMG_20231216_150534_799.jpg,IMG_20231216_150534_799.jpg,No,0,d173944f1ca1d9eac039952791ac9a7052b9cb72719969403205ed5b72ef454e,9215,131,129,RGB,JPEG
No/IMG_20231216_150534_800.jpg,IMG_20231216_150534_800.jpg,No,0,42298c71c2a06854b1d5a8c81099650bdab23906eb25189d49927b3d319f8a75,9223,129,130,RGB,JPEG
No/IMG_20231216_150534_801.jpg,IMG_20231216_150534_801.jpg,No,0,b5b0016edbfa6e6288d8f411d17cedde562d5aa863b50948a00a28df101de44e,11365,169,129,RGB,JPEG
No/IMG_20231216_150534_802.jpg,IMG_20231216_150534_802.jpg,No,0,6774fd8a0f3058b002cc207ea4b8c44e2df869510a823d0732c5dde67fe9e711,9572,129,130,RGB,JPEG
No/IMG_20231216_150534_803.jpg,IMG_20231216_150534_803.jpg,No,0,e187b430b4b2e3c23935375de4bd21cb702037af04cb1df5c6c5f7cd904a24b6,10846,129,148,RGB,JPEG
